"producto_marca","producto_url","producto_precio","producto_precio_url","producto_especificaciones","producto_especificaciones_url"
"LATTAFA","https://www.falabella.com.co/falabella-co/product/128762286/Perfume-Khamrah-Lattafa-100ml/128762287?sponsoredClickData=%257B%2522isXLP%2522%253Atrue%252C%2522pageType%2522%253A%2522category%2522%252C%2522adType%2522%253A%2522products%2522%252C%2522platform%2522%253A%2522desktop%2522%252C%2522regionCode%2522%253A%2522co%2522%252C%2522context%2522%253A%257B%2522userIdentifier%2522%253A%2522MTc0Njc0MDM2NzY0OQ%253D%253D%2522%252C%2522adIdentifier%2522%253A%2522v2_ijzJUJ-OOnzVdzwXVlpazk58cXMmwNlUmvj7nUKQy6nC7yHfRzX4YI9L4bdtQ-WZy3QN4vryodIgV809AnRhYLQRZ5HvovCwSDUy9056advxDy728Kk7UEGAVxMjyzOSvGT7wdJiAbXeDeFBFgLSOtaRMyunxKi4kkEAsYCyRK0%253D_ark196b1d3e1657713839%2522%252C%2522slot%2522%253A1%252C%2522signal%2522%253A%2522Perfumes%2522%257D%257D","$ 189.000","https://www.falabella.com.co/falabella-co/product/128762286/Perfume-Khamrah-Lattafa-100ml/128762287?sponsoredClickData=%257B%2522isXLP%2522%253Atrue%252C%2522pageType%2522%253A%2522category%2522%252C%2522adType%2522%253A%2522products%2522%252C%2522platform%2522%253A%2522desktop%2522%252C%2522regionCode%2522%253A%2522co%2522%252C%2522context%2522%253A%257B%2522userIdentifier%2522%253A%2522MTc0Njc0MDM2NzY0OQ%253D%253D%2522%252C%2522adIdentifier%2522%253A%2522v2_ijzJUJ-OOnzVdzwXVlpazk58cXMmwNlUmvj7nUKQy6nC7yHfRzX4YI9L4bdtQ-WZy3QN4vryodIgV809AnRhYLQRZ5HvovCwSDUy9056advxDy728Kk7UEGAVxMjyzOSvGT7wdJiAbXeDeFBFgLSOtaRMyunxKi4kkEAsYCyRK0%253D_ark196b1d3e1657713839%2522%252C%2522slot%2522%253A1%252C%2522signal%2522%253A%2522Perfumes%2522%257D%257D","Perfume Khamrah 100ml","https://www.falabella.com.co/falabella-co/product/128762286/Perfume-Khamrah-Lattafa-100ml/128762287?sponsoredClickData=%257B%2522isXLP%2522%253Atrue%252C%2522pageType%2522%253A%2522category%2522%252C%2522adType%2522%253A%2522products%2522%252C%2522platform%2522%253A%2522desktop%2522%252C%2522regionCode%2522%253A%2522co%2522%252C%2522context%2522%253A%257B%2522userIdentifier%2522%253A%2522MTc0Njc0MDM2NzY0OQ%253D%253D%2522%252C%2522adIdentifier%2522%253A%2522v2_ijzJUJ-OOnzVdzwXVlpazk58cXMmwNlUmvj7nUKQy6nC7yHfRzX4YI9L4bdtQ-WZy3QN4vryodIgV809AnRhYLQRZ5HvovCwSDUy9056advxDy728Kk7UEGAVxMjyzOSvGT7wdJiAbXeDeFBFgLSOtaRMyunxKi4kkEAsYCyRK0%253D_ark196b1d3e1657713839%2522%252C%2522slot%2522%253A1%252C%2522signal%2522%253A%2522Perfumes%2522%257D%257D"
"LATTAFA","https://www.falabella.com.co/falabella-co/product/123834195/Perfume-Yara-100ml-Lattafa/123834196?sponsoredClickData=%257B%2522isXLP%2522%253Atrue%252C%2522pageType%2522%253A%2522category%2522%252C%2522adType%2522%253A%2522products%2522%252C%2522platform%2522%253A%2522desktop%2522%252C%2522regionCode%2522%253A%2522co%2522%252C%2522context%2522%253A%257B%2522userIdentifier%2522%253A%2522MTc0Njc0MDM2NzY0OQ%253D%253D%2522%252C%2522adIdentifier%2522%253A%2522v2_ydkp5Rhd-1nUq-IBO5Xg9E58cXMmwNlUmvj7nUKQy6nC7yHfRzX4YI9L4bdtQ-WZGfUDLv2g7I5JjD-uEpwooGqd2euZksiyYMRu79Hszpj4T9FvCr8Y6w0EmGR3W1T5vGT7wdJiAbXeDeFBFgLSOtaRMyunxKi4kkEAsYCyRK0%253D_ark196b1d3e1657713839%2522%252C%2522slot%2522%253A2%252C%2522signal%2522%253A%2522Perfumes%2522%257D%257D","$ 183.000","https://www.falabella.com.co/falabella-co/product/123834195/Perfume-Yara-100ml-Lattafa/123834196?sponsoredClickData=%257B%2522isXLP%2522%253Atrue%252C%2522pageType%2522%253A%2522category%2522%252C%2522adType%2522%253A%2522products%2522%252C%2522platform%2522%253A%2522desktop%2522%252C%2522regionCode%2522%253A%2522co%2522%252C%2522context%2522%253A%257B%2522userIdentifier%2522%253A%2522MTc0Njc0MDM2NzY0OQ%253D%253D%2522%252C%2522adIdentifier%2522%253A%2522v2_ydkp5Rhd-1nUq-IBO5Xg9E58cXMmwNlUmvj7nUKQy6nC7yHfRzX4YI9L4bdtQ-WZGfUDLv2g7I5JjD-uEpwooGqd2euZksiyYMRu79Hszpj4T9FvCr8Y6w0EmGR3W1T5vGT7wdJiAbXeDeFBFgLSOtaRMyunxKi4kkEAsYCyRK0%253D_ark196b1d3e1657713839%2522%252C%2522slot%2522%253A2%252C%2522signal%2522%253A%2522Perfumes%2522%257D%257D","Perfume Yara 100ml","https://www.falabella.com.co/falabella-co/product/123834195/Perfume-Yara-100ml-Lattafa/123834196?sponsoredClickData=%257B%2522isXLP%2522%253Atrue%252C%2522pageType%2522%253A%2522category%2522%252C%2522adType%2522%253A%2522products%2522%252C%2522platform%2522%253A%2522desktop%2522%252C%2522regionCode%2522%253A%2522co%2522%252C%2522context%2522%253A%257B%2522userIdentifier%2522%253A%2522MTc0Njc0MDM2NzY0OQ%253D%253D%2522%252C%2522adIdentifier%2522%253A%2522v2_ydkp5Rhd-1nUq-IBO5Xg9E58cXMmwNlUmvj7nUKQy6nC7yHfRzX4YI9L4bdtQ-WZGfUDLv2g7I5JjD-uEpwooGqd2euZksiyYMRu79Hszpj4T9FvCr8Y6w0EmGR3W1T5vGT7wdJiAbXeDeFBFgLSOtaRMyunxKi4kkEAsYCyRK0%253D_ark196b1d3e1657713839%2522%252C%2522slot%2522%253A2%252C%2522signal%2522%253A%2522Perfumes%2522%257D%257D"
"MOSCHINO","https://www.falabella.com.co/falabella-co/product/73136906/Perfume-Moschino-Toy-2-Mujer-100-ml-EDP/73136906","$ 309.990","https://www.falabella.com.co/falabella-co/product/73136906/Perfume-Moschino-Toy-2-Mujer-100-ml-EDP/73136906","Perfume Toy 2 Mujer 100 ml EDP","https://www.falabella.com.co/falabella-co/product/73136906/Perfume-Moschino-Toy-2-Mujer-100-ml-EDP/73136906"
"MONTBLANC","https://www.falabella.com.co/falabella-co/product/1398700/Perfume-Hombre-Montblanc-Starwalker-75-ml-EDT/1398700","$ 209.990","https://www.falabella.com.co/falabella-co/product/1398700/Perfume-Hombre-Montblanc-Starwalker-75-ml-EDT/1398700","Perfume Hombre Starwalker 75 ml EDT","https://www.falabella.com.co/falabella-co/product/1398700/Perfume-Hombre-Montblanc-Starwalker-75-ml-EDT/1398700"
"LATTAFA","https://www.falabella.com.co/falabella-co/product/142807803/Perfume-Afeef-Lattafa-100ML/142807804?sponsoredClickData=%257B%2522isXLP%2522%253Atrue%252C%2522pageType%2522%253A%2522category%2522%252C%2522adType%2522%253A%2522products%2522%252C%2522platform%2522%253A%2522desktop%2522%252C%2522regionCode%2522%253A%2522co%2522%252C%2522context%2522%253A%257B%2522userIdentifier%2522%253A%2522MTc0Njc0MDM2NzY0OQ%253D%253D%2522%252C%2522adIdentifier%2522%253A%2522v2_tEaPsa95FS5irFL4qMIl7nJjwWZMNv5J_1oC6tiPA63C7yHfRzX4YI9L4bdtQ-WZVal-viWQqIPFlfUI9LckNMgy4m7vs54IcqvDCy_JomWIw9BOp7cOxsK-xBrdYzoHWXWDXy3B2tv2UaW09S0PfNaRMyunxKi4kkEAsYCyRK0%253D_ark196b1d3e1657713839%2522%252C%2522slot%2522%253A5%252C%2522signal%2522%253A%2522Perfumes%2522%257D%257D","$ 223.000","https://www.falabella.com.co/falabella-co/product/142807803/Perfume-Afeef-Lattafa-100ML/142807804?sponsoredClickData=%257B%2522isXLP%2522%253Atrue%252C%2522pageType%2522%253A%2522category%2522%252C%2522adType%2522%253A%2522products%2522%252C%2522platform%2522%253A%2522desktop%2522%252C%2522regionCode%2522%253A%2522co%2522%252C%2522context%2522%253A%257B%2522userIdentifier%2522%253A%2522MTc0Njc0MDM2NzY0OQ%253D%253D%2522%252C%2522adIdentifier%2522%253A%2522v2_tEaPsa95FS5irFL4qMIl7nJjwWZMNv5J_1oC6tiPA63C7yHfRzX4YI9L4bdtQ-WZVal-viWQqIPFlfUI9LckNMgy4m7vs54IcqvDCy_JomWIw9BOp7cOxsK-xBrdYzoHWXWDXy3B2tv2UaW09S0PfNaRMyunxKi4kkEAsYCyRK0%253D_ark196b1d3e1657713839%2522%252C%2522slot%2522%253A5%252C%2522signal%2522%253A%2522Perfumes%2522%257D%257D","Perfume Afeef 100ML","https://www.falabella.com.co/falabella-co/product/142807803/Perfume-Afeef-Lattafa-100ML/142807804?sponsoredClickData=%257B%2522isXLP%2522%253Atrue%252C%2522pageType%2522%253A%2522category%2522%252C%2522adType%2522%253A%2522products%2522%252C%2522platform%2522%253A%2522desktop%2522%252C%2522regionCode%2522%253A%2522co%2522%252C%2522context%2522%253A%257B%2522userIdentifier%2522%253A%2522MTc0Njc0MDM2NzY0OQ%253D%253D%2522%252C%2522adIdentifier%2522%253A%2522v2_tEaPsa95FS5irFL4qMIl7nJjwWZMNv5J_1oC6tiPA63C7yHfRzX4YI9L4bdtQ-WZVal-viWQqIPFlfUI9LckNMgy4m7vs54IcqvDCy_JomWIw9BOp7cOxsK-xBrdYzoHWXWDXy3B2tv2UaW09S0PfNaRMyunxKi4kkEAsYCyRK0%253D_ark196b1d3e1657713839%2522%252C%2522slot%2522%253A5%252C%2522signal%2522%253A%2522Perfumes%2522%257D%257D"
"LATTAFA","https://www.falabella.com.co/falabella-co/product/142700461/Perfume-Yara-Candy-100ML-+-Body-Spray-Yara-Lattafa-200ML/142700462?sponsoredClickData=%257B%2522isXLP%2522%253Atrue%252C%2522pageType%2522%253A%2522category%2522%252C%2522adType%2522%253A%2522products%2522%252C%2522platform%2522%253A%2522desktop%2522%252C%2522regionCode%2522%253A%2522co%2522%252C%2522context%2522%253A%257B%2522userIdentifier%2522%253A%2522MTc0Njc0MDM2NzY0OQ%253D%253D%2522%252C%2522adIdentifier%2522%253A%2522v2_9vXcCkI6ipYxctDtTEoaxU58cXMmwNlUmvj7nUKQy6nC7yHfRzX4YI9L4bdtQ-WZUDpYmyw54RCWq-IiWPLg7Ps1aA7YeQgipkDt_XqA7x6v8Ip-7m2_jnwLTqoiNw4XvGT7wdJiAbXeDeFBFgLSOtaRMyunxKi4kkEAsYCyRK0%253D_ark196b1d3e1657713839%2522%252C%2522slot%2522%253A6%252C%2522signal%2522%253A%2522Perfumes%2522%257D%257D","$ 189.000","https://www.falabella.com.co/falabella-co/product/142700461/Perfume-Yara-Candy-100ML-+-Body-Spray-Yara-Lattafa-200ML/142700462?sponsoredClickData=%257B%2522isXLP%2522%253Atrue%252C%2522pageType%2522%253A%2522category%2522%252C%2522adType%2522%253A%2522products%2522%252C%2522platform%2522%253A%2522desktop%2522%252C%2522regionCode%2522%253A%2522co%2522%252C%2522context%2522%253A%257B%2522userIdentifier%2522%253A%2522MTc0Njc0MDM2NzY0OQ%253D%253D%2522%252C%2522adIdentifier%2522%253A%2522v2_9vXcCkI6ipYxctDtTEoaxU58cXMmwNlUmvj7nUKQy6nC7yHfRzX4YI9L4bdtQ-WZUDpYmyw54RCWq-IiWPLg7Ps1aA7YeQgipkDt_XqA7x6v8Ip-7m2_jnwLTqoiNw4XvGT7wdJiAbXeDeFBFgLSOtaRMyunxKi4kkEAsYCyRK0%253D_ark196b1d3e1657713839%2522%252C%2522slot%2522%253A6%252C%2522signal%2522%253A%2522Perfumes%2522%257D%257D","Perfume Yara Candy 100ML + Body Spray Yara 200ML","https://www.falabella.com.co/falabella-co/product/142700461/Perfume-Yara-Candy-100ML-+-Body-Spray-Yara-Lattafa-200ML/142700462?sponsoredClickData=%257B%2522isXLP%2522%253Atrue%252C%2522pageType%2522%253A%2522category%2522%252C%2522adType%2522%253A%2522products%2522%252C%2522platform%2522%253A%2522desktop%2522%252C%2522regionCode%2522%253A%2522co%2522%252C%2522context%2522%253A%257B%2522userIdentifier%2522%253A%2522MTc0Njc0MDM2NzY0OQ%253D%253D%2522%252C%2522adIdentifier%2522%253A%2522v2_9vXcCkI6ipYxctDtTEoaxU58cXMmwNlUmvj7nUKQy6nC7yHfRzX4YI9L4bdtQ-WZUDpYmyw54RCWq-IiWPLg7Ps1aA7YeQgipkDt_XqA7x6v8Ip-7m2_jnwLTqoiNw4XvGT7wdJiAbXeDeFBFgLSOtaRMyunxKi4kkEAsYCyRK0%253D_ark196b1d3e1657713839%2522%252C%2522slot%2522%253A6%252C%2522signal%2522%253A%2522Perfumes%2522%257D%257D"
"MOSCHINO","https://www.falabella.com.co/falabella-co/product/13355805/Perfume-Moschino-Fresh-Couture-Mujer-100-ml-EDT-/13355805","$ 149.990","https://www.falabella.com.co/falabella-co/product/13355805/Perfume-Moschino-Fresh-Couture-Mujer-100-ml-EDT-/13355805","Perfume Fresh Couture Mujer 100 ml EDT","https://www.falabella.com.co/falabella-co/product/13355805/Perfume-Moschino-Fresh-Couture-Mujer-100-ml-EDT-/13355805"
"VERSACE","https://www.falabella.com.co/falabella-co/product/5258454/Perfume-Versace-Eros-Flame-Hombre-200-ml-EDP-/5258454","$ 554.990","https://www.falabella.com.co/falabella-co/product/5258454/Perfume-Versace-Eros-Flame-Hombre-200-ml-EDP-/5258454","Perfume Eros Flame Hombre 200 ml EDP","https://www.falabella.com.co/falabella-co/product/5258454/Perfume-Versace-Eros-Flame-Hombre-200-ml-EDP-/5258454"
"CAROLINA HERRERA","https://www.falabella.com.co/falabella-co/product/73273734/Set-de-Perfume-Mujer-Carolina-Herrera-Perfume-Good-Girl-EDP-80ml,-locion-Good-Girl-100ml,-Perfume-Good-Girl-EDP-10ml/73273734?sponsoredClickData=%257B%2522isXLP%2522%253Atrue%252C%2522pageType%2522%253A%2522category%2522%252C%2522adType%2522%253A%2522products%2522%252C%2522platform%2522%253A%2522desktop%2522%252C%2522regionCode%2522%253A%2522co%2522%252C%2522context%2522%253A%257B%2522userIdentifier%2522%253A%2522MTc0Njc0MDM2NzY0OQ%253D%253D%2522%252C%2522adIdentifier%2522%253A%2522v2__BMGv7nSnmw5NDLWzoIyH058cXMmwNlUmvj7nUKQy6nC7yHfRzX4YI9L4bdtQ-WZoxAo4gWkBc1Saw-gXX2IZTYzdlpU9EvOfWrQE8gfl9WT4XVo3bfRuK1ai35co4D7vGT7wdJiAbXeDeFBFgLSOtaRMyunxKi4kkEAsYCyRK0%253D_ark196b1d3e1657713839%2522%252C%2522slot%2522%253A9%252C%2522signal%2522%253A%2522Perfumes%2522%257D%257D","$ 651.000","https://www.falabella.com.co/falabella-co/product/73273734/Set-de-Perfume-Mujer-Carolina-Herrera-Perfume-Good-Girl-EDP-80ml,-locion-Good-Girl-100ml,-Perfume-Good-Girl-EDP-10ml/73273734?sponsoredClickData=%257B%2522isXLP%2522%253Atrue%252C%2522pageType%2522%253A%2522category%2522%252C%2522adType%2522%253A%2522products%2522%252C%2522platform%2522%253A%2522desktop%2522%252C%2522regionCode%2522%253A%2522co%2522%252C%2522context%2522%253A%257B%2522userIdentifier%2522%253A%2522MTc0Njc0MDM2NzY0OQ%253D%253D%2522%252C%2522adIdentifier%2522%253A%2522v2__BMGv7nSnmw5NDLWzoIyH058cXMmwNlUmvj7nUKQy6nC7yHfRzX4YI9L4bdtQ-WZoxAo4gWkBc1Saw-gXX2IZTYzdlpU9EvOfWrQE8gfl9WT4XVo3bfRuK1ai35co4D7vGT7wdJiAbXeDeFBFgLSOtaRMyunxKi4kkEAsYCyRK0%253D_ark196b1d3e1657713839%2522%252C%2522slot%2522%253A9%252C%2522signal%2522%253A%2522Perfumes%2522%257D%257D","Set de Perfume Mujer Perfume Good Girl EDP 80ml, loción Good Girl 100ml, Perfume Good Girl EDP 10ml","https://www.falabella.com.co/falabella-co/product/73273734/Set-de-Perfume-Mujer-Carolina-Herrera-Perfume-Good-Girl-EDP-80ml,-locion-Good-Girl-100ml,-Perfume-Good-Girl-EDP-10ml/73273734?sponsoredClickData=%257B%2522isXLP%2522%253Atrue%252C%2522pageType%2522%253A%2522category%2522%252C%2522adType%2522%253A%2522products%2522%252C%2522platform%2522%253A%2522desktop%2522%252C%2522regionCode%2522%253A%2522co%2522%252C%2522context%2522%253A%257B%2522userIdentifier%2522%253A%2522MTc0Njc0MDM2NzY0OQ%253D%253D%2522%252C%2522adIdentifier%2522%253A%2522v2__BMGv7nSnmw5NDLWzoIyH058cXMmwNlUmvj7nUKQy6nC7yHfRzX4YI9L4bdtQ-WZoxAo4gWkBc1Saw-gXX2IZTYzdlpU9EvOfWrQE8gfl9WT4XVo3bfRuK1ai35co4D7vGT7wdJiAbXeDeFBFgLSOtaRMyunxKi4kkEAsYCyRK0%253D_ark196b1d3e1657713839%2522%252C%2522slot%2522%253A9%252C%2522signal%2522%253A%2522Perfumes%2522%257D%257D"
"CAROLINA HERRERA","https://www.falabella.com.co/falabella-co/product/73273732/Set-de-Perfume-Mujer-Carolina-Herrera-Perfume-212-vip-rose-EDP-80ml,-locion-corporal-100ml,-perfume-212-vip-rose-EDP-10ml/73273732?sponsoredClickData=%257B%2522isXLP%2522%253Atrue%252C%2522pageType%2522%253A%2522category%2522%252C%2522adType%2522%253A%2522products%2522%252C%2522platform%2522%253A%2522desktop%2522%252C%2522regionCode%2522%253A%2522co%2522%252C%2522context%2522%253A%257B%2522userIdentifier%2522%253A%2522MTc0Njc0MDM2NzY0OQ%253D%253D%2522%252C%2522adIdentifier%2522%253A%2522v2_VaN05aYMQxp1O_L9dC6aqk58cXMmwNlUmvj7nUKQy6nC7yHfRzX4YI9L4bdtQ-WZGfUDLv2g7I5JjD-uEpwooGyowrTXbK3uhDENFUR6-CiAzGxtcvzCopYkRfi_3eInvGT7wdJiAbXeDeFBFgLSOtaRMyunxKi4kkEAsYCyRK0%253D_ark196b1d3e1657713839%2522%252C%2522slot%2522%253A10%252C%2522signal%2522%253A%2522Perfumes%2522%257D%257D","$ 577.000","https://www.falabella.com.co/falabella-co/product/73273732/Set-de-Perfume-Mujer-Carolina-Herrera-Perfume-212-vip-rose-EDP-80ml,-locion-corporal-100ml,-perfume-212-vip-rose-EDP-10ml/73273732?sponsoredClickData=%257B%2522isXLP%2522%253Atrue%252C%2522pageType%2522%253A%2522category%2522%252C%2522adType%2522%253A%2522products%2522%252C%2522platform%2522%253A%2522desktop%2522%252C%2522regionCode%2522%253A%2522co%2522%252C%2522context%2522%253A%257B%2522userIdentifier%2522%253A%2522MTc0Njc0MDM2NzY0OQ%253D%253D%2522%252C%2522adIdentifier%2522%253A%2522v2_VaN05aYMQxp1O_L9dC6aqk58cXMmwNlUmvj7nUKQy6nC7yHfRzX4YI9L4bdtQ-WZGfUDLv2g7I5JjD-uEpwooGyowrTXbK3uhDENFUR6-CiAzGxtcvzCopYkRfi_3eInvGT7wdJiAbXeDeFBFgLSOtaRMyunxKi4kkEAsYCyRK0%253D_ark196b1d3e1657713839%2522%252C%2522slot%2522%253A10%252C%2522signal%2522%253A%2522Perfumes%2522%257D%257D","Set de Perfume Mujer Perfume 212 vip rosé EDP 80ml, loción corporal 100ml, perfume 212 vip rosé EDP 10ml","https://www.falabella.com.co/falabella-co/product/73273732/Set-de-Perfume-Mujer-Carolina-Herrera-Perfume-212-vip-rose-EDP-80ml,-locion-corporal-100ml,-perfume-212-vip-rose-EDP-10ml/73273732?sponsoredClickData=%257B%2522isXLP%2522%253Atrue%252C%2522pageType%2522%253A%2522category%2522%252C%2522adType%2522%253A%2522products%2522%252C%2522platform%2522%253A%2522desktop%2522%252C%2522regionCode%2522%253A%2522co%2522%252C%2522context%2522%253A%257B%2522userIdentifier%2522%253A%2522MTc0Njc0MDM2NzY0OQ%253D%253D%2522%252C%2522adIdentifier%2522%253A%2522v2_VaN05aYMQxp1O_L9dC6aqk58cXMmwNlUmvj7nUKQy6nC7yHfRzX4YI9L4bdtQ-WZGfUDLv2g7I5JjD-uEpwooGyowrTXbK3uhDENFUR6-CiAzGxtcvzCopYkRfi_3eInvGT7wdJiAbXeDeFBFgLSOtaRMyunxKi4kkEAsYCyRK0%253D_ark196b1d3e1657713839%2522%252C%2522slot%2522%253A10%252C%2522signal%2522%253A%2522Perfumes%2522%257D%257D"
"CLINIQUE","https://www.falabella.com.co/falabella-co/product/1399368/Perfume-hombre-Clinique-Happy-for-men-100-ml-edt/1399368","$ 161.900","https://www.falabella.com.co/falabella-co/product/1399368/Perfume-hombre-Clinique-Happy-for-men-100-ml-edt/1399368","Perfume hombre Happy for men 100 ml edt","https://www.falabella.com.co/falabella-co/product/1399368/Perfume-hombre-Clinique-Happy-for-men-100-ml-edt/1399368"
"LATTAFA","https://www.falabella.com.co/falabella-co/product/128762286/Perfume-Khamrah-Lattafa-100ml/128762287","$ 189.000","https://www.falabella.com.co/falabella-co/product/128762286/Perfume-Khamrah-Lattafa-100ml/128762287","Perfume Khamrah 100ml","https://www.falabella.com.co/falabella-co/product/128762286/Perfume-Khamrah-Lattafa-100ml/128762287"
"MAISON ALHAMBRA","https://www.falabella.com.co/falabella-co/product/121707999/Perfume-Delilah-Pour-Femme-100ml/121708000","$ 173.000","https://www.falabella.com.co/falabella-co/product/121707999/Perfume-Delilah-Pour-Femme-100ml/121708000","Perfume Delilah Pour Femme 100ml","https://www.falabella.com.co/falabella-co/product/121707999/Perfume-Delilah-Pour-Femme-100ml/121708000"
"HUGO BOSS","https://www.falabella.com.co/falabella-co/product/72728721/Perfume-Hombre-Hugo-Boss-Hugo-Iced-75-ml-EDT-/72728721","$ 219.990","https://www.falabella.com.co/falabella-co/product/72728721/Perfume-Hombre-Hugo-Boss-Hugo-Iced-75-ml-EDT-/72728721","Perfume Hombre Hugo Iced 75 ml EDT","https://www.falabella.com.co/falabella-co/product/72728721/Perfume-Hombre-Hugo-Boss-Hugo-Iced-75-ml-EDT-/72728721"
"ARMANI","https://www.falabella.com.co/falabella-co/product/1401418/Perfume-Giorgio-Armani-Acqua-Di-Gio-Hombre-50-ml-EDT/1401418","$ 249.990","https://www.falabella.com.co/falabella-co/product/1401418/Perfume-Giorgio-Armani-Acqua-Di-Gio-Hombre-50-ml-EDT/1401418","Perfume Giorgio Acqua Di Gio Hombre 50 ml EDT","https://www.falabella.com.co/falabella-co/product/1401418/Perfume-Giorgio-Armani-Acqua-Di-Gio-Hombre-50-ml-EDT/1401418"
"MONTBLANC","https://www.falabella.com.co/falabella-co/product/73170258/Perfume-Hombre-Montblanc-STARWALKER-EXTREME-75-ml-EDT-/73170258","$ 239.900","https://www.falabella.com.co/falabella-co/product/73170258/Perfume-Hombre-Montblanc-STARWALKER-EXTREME-75-ml-EDT-/73170258","Perfume Hombre STARWALKER EXTREME 75 ml EDT","https://www.falabella.com.co/falabella-co/product/73170258/Perfume-Hombre-Montblanc-STARWALKER-EXTREME-75-ml-EDT-/73170258"
"LATTAFA","https://www.falabella.com.co/falabella-co/product/138276033/Perfume-Yara-Candy-Lattafa-100ML/138276034","$ 179.000","https://www.falabella.com.co/falabella-co/product/138276033/Perfume-Yara-Candy-Lattafa-100ML/138276034","Perfume Yara Candy 100ML","https://www.falabella.com.co/falabella-co/product/138276033/Perfume-Yara-Candy-Lattafa-100ML/138276034"
"ARMAF","https://www.falabella.com.co/falabella-co/product/121403396/Perfume-Armaf-Club-De-Nuit-Intense-Homme100ML-EDT/121403397","$ 382.415","https://www.falabella.com.co/falabella-co/product/121403396/Perfume-Armaf-Club-De-Nuit-Intense-Homme100ML-EDT/121403397","Perfume Club De Nuit Intense Homme100ML EDT","https://www.falabella.com.co/falabella-co/product/121403396/Perfume-Armaf-Club-De-Nuit-Intense-Homme100ML-EDT/121403397"
"LATTAFA","https://www.falabella.com.co/falabella-co/product/123834195/Perfume-Yara-100ml-Lattafa/123834196","$ 183.000","https://www.falabella.com.co/falabella-co/product/123834195/Perfume-Yara-100ml-Lattafa/123834196","Perfume Yara 100ml","https://www.falabella.com.co/falabella-co/product/123834195/Perfume-Yara-100ml-Lattafa/123834196"
"LATTAFA","https://www.falabella.com.co/falabella-co/product/123467405/Perfume-Badee-Al-Oud-Amethyst-100ml/123467406","$ 189.000","https://www.falabella.com.co/falabella-co/product/123467405/Perfume-Badee-Al-Oud-Amethyst-100ml/123467406","Perfume Badee Al Oud Amethyst 100ml","https://www.falabella.com.co/falabella-co/product/123467405/Perfume-Badee-Al-Oud-Amethyst-100ml/123467406"
"LATTAFA","https://www.falabella.com.co/falabella-co/product/128762343/Perfume-Asad-Lattafa-100ml/128762344","$ 182.000","https://www.falabella.com.co/falabella-co/product/128762343/Perfume-Asad-Lattafa-100ml/128762344","Perfume Asad 100ml","https://www.falabella.com.co/falabella-co/product/128762343/Perfume-Asad-Lattafa-100ml/128762344"
"TOMMY HILFIGER","https://www.falabella.com.co/falabella-co/product/72762191/Perfume-Hombre-Tommy-Hilfiger-100-ml-EDT/72762191","$ 169.990","https://www.falabella.com.co/falabella-co/product/72762191/Perfume-Hombre-Tommy-Hilfiger-100-ml-EDT/72762191","Perfume Hombre 100 ml EDT","https://www.falabella.com.co/falabella-co/product/72762191/Perfume-Hombre-Tommy-Hilfiger-100-ml-EDT/72762191"
"TOMMY HILFIGER","https://www.falabella.com.co/falabella-co/product/72762192/Perfume-Mujer-Tommy-Hilfiger-Girl-100-ml-EDT/72762192","$ 169.990","https://www.falabella.com.co/falabella-co/product/72762192/Perfume-Mujer-Tommy-Hilfiger-Girl-100-ml-EDT/72762192","Perfume Mujer Girl 100 ml EDT","https://www.falabella.com.co/falabella-co/product/72762192/Perfume-Mujer-Tommy-Hilfiger-Girl-100-ml-EDT/72762192"
"LATTAFA","https://www.falabella.com.co/falabella-co/product/133932084/Perfume-Eclaire-Lattafa-100ML/133932085","$ 210.000","https://www.falabella.com.co/falabella-co/product/133932084/Perfume-Eclaire-Lattafa-100ML/133932085","Perfume Eclaire 100ML","https://www.falabella.com.co/falabella-co/product/133932084/Perfume-Eclaire-Lattafa-100ML/133932085"
"LANCOME","https://www.falabella.com.co/falabella-co/product/2848402/Perfume-Lancome-La-Vie-Est-Belle-Mujer-30-ml-EDP-Lancome/2848402","$ 184.990","https://www.falabella.com.co/falabella-co/product/2848402/Perfume-Lancome-La-Vie-Est-Belle-Mujer-30-ml-EDP-Lancome/2848402","Perfume La Vie Est Belle Mujer 30 ml EDP","https://www.falabella.com.co/falabella-co/product/2848402/Perfume-Lancome-La-Vie-Est-Belle-Mujer-30-ml-EDP-Lancome/2848402"
"ARMANI","https://www.falabella.com.co/falabella-co/product/1451512/Perfume-Hombre-ARMANI-Aqua-Di-Gio-200-ml-EDT-/1451512","$ 529.990","https://www.falabella.com.co/falabella-co/product/1451512/Perfume-Hombre-ARMANI-Aqua-Di-Gio-200-ml-EDT-/1451512","Perfume Hombre Aqua Di Gio 200 ml EDT","https://www.falabella.com.co/falabella-co/product/1451512/Perfume-Hombre-ARMANI-Aqua-Di-Gio-200-ml-EDT-/1451512"
"LATTAFA","https://www.falabella.com.co/falabella-co/product/123467374/Perfume-Oud-For-Glory-100ml/123467375","$ 186.000","https://www.falabella.com.co/falabella-co/product/123467374/Perfume-Oud-For-Glory-100ml/123467375","Perfume Oud For Glory 100ml","https://www.falabella.com.co/falabella-co/product/123467374/Perfume-Oud-For-Glory-100ml/123467375"
"CAROLINA HERRERA","https://www.falabella.com.co/falabella-co/product/3493438/Perfume-Carolina-Herrera-212-Vip-Black-Hombre-200-ml-EDP/3493438","$ 699.990","https://www.falabella.com.co/falabella-co/product/3493438/Perfume-Carolina-Herrera-212-Vip-Black-Hombre-200-ml-EDP/3493438","Perfume 212 Vip Black Hombre 200 ml EDP","https://www.falabella.com.co/falabella-co/product/3493438/Perfume-Carolina-Herrera-212-Vip-Black-Hombre-200-ml-EDP/3493438"
"ARMAF","https://www.falabella.com.co/falabella-co/product/138436548/Combo-Armaf-Black-Power/138436549?sponsoredClickData=%257B%2522isXLP%2522%253Atrue%252C%2522pageType%2522%253A%2522category%2522%252C%2522adType%2522%253A%2522products%2522%252C%2522platform%2522%253A%2522desktop%2522%252C%2522regionCode%2522%253A%2522co%2522%252C%2522context%2522%253A%257B%2522userIdentifier%2522%253A%2522MTc0Njc0MDM2NzY0OQ%253D%253D%2522%252C%2522adIdentifier%2522%253A%2522v2_ScNz3LEZvbaBSRYWZAig7E58cXMmwNlUmvj7nUKQy6nC7yHfRzX4YI9L4bdtQ-WZUDpYmyw54RCWq-IiWPLg7JtfggCceJdEOtOPJ2rRfWEzf-oHcpWspKh8bNTLikWsvGT7wdJiAbXeDeFBFgLSOtaRMyunxKi4kkEAsYCyRK0%253D_ark196b1d3e1657713839%2522%252C%2522slot%2522%253Anull%252C%2522signal%2522%253A%2522Perfumes%2522%257D%257D","$ 719.840","https://www.falabella.com.co/falabella-co/product/138436548/Combo-Armaf-Black-Power/138436549?sponsoredClickData=%257B%2522isXLP%2522%253Atrue%252C%2522pageType%2522%253A%2522category%2522%252C%2522adType%2522%253A%2522products%2522%252C%2522platform%2522%253A%2522desktop%2522%252C%2522regionCode%2522%253A%2522co%2522%252C%2522context%2522%253A%257B%2522userIdentifier%2522%253A%2522MTc0Njc0MDM2NzY0OQ%253D%253D%2522%252C%2522adIdentifier%2522%253A%2522v2_ScNz3LEZvbaBSRYWZAig7E58cXMmwNlUmvj7nUKQy6nC7yHfRzX4YI9L4bdtQ-WZUDpYmyw54RCWq-IiWPLg7JtfggCceJdEOtOPJ2rRfWEzf-oHcpWspKh8bNTLikWsvGT7wdJiAbXeDeFBFgLSOtaRMyunxKi4kkEAsYCyRK0%253D_ark196b1d3e1657713839%2522%252C%2522slot%2522%253Anull%252C%2522signal%2522%253A%2522Perfumes%2522%257D%257D","Combo Black Power","https://www.falabella.com.co/falabella-co/product/138436548/Combo-Armaf-Black-Power/138436549?sponsoredClickData=%257B%2522isXLP%2522%253Atrue%252C%2522pageType%2522%253A%2522category%2522%252C%2522adType%2522%253A%2522products%2522%252C%2522platform%2522%253A%2522desktop%2522%252C%2522regionCode%2522%253A%2522co%2522%252C%2522context%2522%253A%257B%2522userIdentifier%2522%253A%2522MTc0Njc0MDM2NzY0OQ%253D%253D%2522%252C%2522adIdentifier%2522%253A%2522v2_ScNz3LEZvbaBSRYWZAig7E58cXMmwNlUmvj7nUKQy6nC7yHfRzX4YI9L4bdtQ-WZUDpYmyw54RCWq-IiWPLg7JtfggCceJdEOtOPJ2rRfWEzf-oHcpWspKh8bNTLikWsvGT7wdJiAbXeDeFBFgLSOtaRMyunxKi4kkEAsYCyRK0%253D_ark196b1d3e1657713839%2522%252C%2522slot%2522%253Anull%252C%2522signal%2522%253A%2522Perfumes%2522%257D%257D"
"CAROLINA HERRERA","https://www.falabella.com.co/falabella-co/product/73273735/Set-de-Perfume-Mujer-Carolina-Herrera-Perfume-Good-Girl-Blush-EDP-80ml,-locion-Good-Girl-100ml,-Perfume-Good-Girl-Blush-EDP-10ml/73273735?sponsoredClickData=%257B%2522isXLP%2522%253Atrue%252C%2522pageType%2522%253A%2522category%2522%252C%2522adType%2522%253A%2522products%2522%252C%2522platform%2522%253A%2522desktop%2522%252C%2522regionCode%2522%253A%2522co%2522%252C%2522context%2522%253A%257B%2522userIdentifier%2522%253A%2522MTc0Njc0MDM2NzY0OQ%253D%253D%2522%252C%2522adIdentifier%2522%253A%2522v2_x1p-GRWzYIzqg5tquAkmgE58cXMmwNlUmvj7nUKQy6nC7yHfRzX4YI9L4bdtQ-WZzhrN2HDbef9-eyihuaXPxhKgmn8rJWXZLhHS3nXnM0c7T7-_Y8Alhxo3VE9V8vPFvGT7wdJiAbXeDeFBFgLSOtaRMyunxKi4kkEAsYCyRK0%253D_ark196b1d3e1657713839%2522%252C%2522slot%2522%253Anull%252C%2522signal%2522%253A%2522Perfumes%2522%257D%257D","$ 699.000","https://www.falabella.com.co/falabella-co/product/73273735/Set-de-Perfume-Mujer-Carolina-Herrera-Perfume-Good-Girl-Blush-EDP-80ml,-locion-Good-Girl-100ml,-Perfume-Good-Girl-Blush-EDP-10ml/73273735?sponsoredClickData=%257B%2522isXLP%2522%253Atrue%252C%2522pageType%2522%253A%2522category%2522%252C%2522adType%2522%253A%2522products%2522%252C%2522platform%2522%253A%2522desktop%2522%252C%2522regionCode%2522%253A%2522co%2522%252C%2522context%2522%253A%257B%2522userIdentifier%2522%253A%2522MTc0Njc0MDM2NzY0OQ%253D%253D%2522%252C%2522adIdentifier%2522%253A%2522v2_x1p-GRWzYIzqg5tquAkmgE58cXMmwNlUmvj7nUKQy6nC7yHfRzX4YI9L4bdtQ-WZzhrN2HDbef9-eyihuaXPxhKgmn8rJWXZLhHS3nXnM0c7T7-_Y8Alhxo3VE9V8vPFvGT7wdJiAbXeDeFBFgLSOtaRMyunxKi4kkEAsYCyRK0%253D_ark196b1d3e1657713839%2522%252C%2522slot%2522%253Anull%252C%2522signal%2522%253A%2522Perfumes%2522%257D%257D","Set de Perfume Mujer Perfume Good Girl Blush EDP 80ml, loción Good Girl 100ml, Perfume Good Girl Blush EDP 10ml","https://www.falabella.com.co/falabella-co/product/73273735/Set-de-Perfume-Mujer-Carolina-Herrera-Perfume-Good-Girl-Blush-EDP-80ml,-locion-Good-Girl-100ml,-Perfume-Good-Girl-Blush-EDP-10ml/73273735?sponsoredClickData=%257B%2522isXLP%2522%253Atrue%252C%2522pageType%2522%253A%2522category%2522%252C%2522adType%2522%253A%2522products%2522%252C%2522platform%2522%253A%2522desktop%2522%252C%2522regionCode%2522%253A%2522co%2522%252C%2522context%2522%253A%257B%2522userIdentifier%2522%253A%2522MTc0Njc0MDM2NzY0OQ%253D%253D%2522%252C%2522adIdentifier%2522%253A%2522v2_x1p-GRWzYIzqg5tquAkmgE58cXMmwNlUmvj7nUKQy6nC7yHfRzX4YI9L4bdtQ-WZzhrN2HDbef9-eyihuaXPxhKgmn8rJWXZLhHS3nXnM0c7T7-_Y8Alhxo3VE9V8vPFvGT7wdJiAbXeDeFBFgLSOtaRMyunxKi4kkEAsYCyRK0%253D_ark196b1d3e1657713839%2522%252C%2522slot%2522%253Anull%252C%2522signal%2522%253A%2522Perfumes%2522%257D%257D"
"JEAN PAUL GAULTIER","https://www.falabella.com.co/falabella-co/product/32229818/Perfume-de-Hombre-Jean-Paul-Gaultier-Le-Male-Intense-200-ml-EDP/32229818","$ 769.000","https://www.falabella.com.co/falabella-co/product/32229818/Perfume-de-Hombre-Jean-Paul-Gaultier-Le-Male-Intense-200-ml-EDP/32229818","Perfume de Hombre Le Male Intense 200 ml EDP","https://www.falabella.com.co/falabella-co/product/32229818/Perfume-de-Hombre-Jean-Paul-Gaultier-Le-Male-Intense-200-ml-EDP/32229818"
"CAROLINA HERRERA","https://www.falabella.com.co/falabella-co/product/2082460/Perfume-Carolina-Herrera-Mujer-CH-EDT-30-ml/2082460","$ 179.900","https://www.falabella.com.co/falabella-co/product/2082460/Perfume-Carolina-Herrera-Mujer-CH-EDT-30-ml/2082460","Perfume Mujer CH EDT 30 ml","https://www.falabella.com.co/falabella-co/product/2082460/Perfume-Carolina-Herrera-Mujer-CH-EDT-30-ml/2082460"
"ARMANI","https://www.falabella.com.co/falabella-co/product/1474674/Perfume-Mujer-Armani-Acqua-Di-Gioa-30-ml-EDP/1474674","$ 149.990","https://www.falabella.com.co/falabella-co/product/1474674/Perfume-Mujer-Armani-Acqua-Di-Gioa-30-ml-EDP/1474674","Perfume Mujer Acqua Di Gioa 30 ml EDP","https://www.falabella.com.co/falabella-co/product/1474674/Perfume-Mujer-Armani-Acqua-Di-Gioa-30-ml-EDP/1474674"
"RABANNE","https://www.falabella.com.co/falabella-co/product/3827761/Perfume-Rabanne-Hombre-1-Million-200ml-EDT/3827761","$ 659.900","https://www.falabella.com.co/falabella-co/product/3827761/Perfume-Rabanne-Hombre-1-Million-200ml-EDT/3827761","Perfume Hombre 1 Million 200ml EDT","https://www.falabella.com.co/falabella-co/product/3827761/Perfume-Rabanne-Hombre-1-Million-200ml-EDT/3827761"
"CAROLINA HERRERA","https://www.falabella.com.co/falabella-co/product/42160440/Perfume-Hombre-Carolina-Herrera-212-Men-100-Ml-EDT/42160440","$ 487.000","https://www.falabella.com.co/falabella-co/product/42160440/Perfume-Hombre-Carolina-Herrera-212-Men-100-Ml-EDT/42160440","Perfume Hombre 212 Men 100 Ml EDT","https://www.falabella.com.co/falabella-co/product/42160440/Perfume-Hombre-Carolina-Herrera-212-Men-100-Ml-EDT/42160440"
"MOSCHINO","https://www.falabella.com.co/falabella-co/product/72885486/Perfume-Moschino-Gold-Fresh-Couture-Mujer-100-ml-EDP/72885486","$ 239.900","https://www.falabella.com.co/falabella-co/product/72885486/Perfume-Moschino-Gold-Fresh-Couture-Mujer-100-ml-EDP/72885486","Perfume Gold Fresh Couture Mujer 100 ml EDP","https://www.falabella.com.co/falabella-co/product/72885486/Perfume-Moschino-Gold-Fresh-Couture-Mujer-100-ml-EDP/72885486"
"CAROLINA HERRERA","https://www.falabella.com.co/falabella-co/product/3827758/Perfume-Carolina-Herrera-Hombre-212-NYC-200-ml-EDT/3827758","$ 649.900","https://www.falabella.com.co/falabella-co/product/3827758/Perfume-Carolina-Herrera-Hombre-212-NYC-200-ml-EDT/3827758","Perfume Hombre 212 NYC 200 ml EDT","https://www.falabella.com.co/falabella-co/product/3827758/Perfume-Carolina-Herrera-Hombre-212-NYC-200-ml-EDT/3827758"
"LATTAFA","https://www.falabella.com.co/falabella-co/product/123834581/Perfume-Badee-Al-Oud-Sublime-100ml/123834583","$ 193.000","https://www.falabella.com.co/falabella-co/product/123834581/Perfume-Badee-Al-Oud-Sublime-100ml/123834583","Perfume Badee Al Oud Sublime 100ml","https://www.falabella.com.co/falabella-co/product/123834581/Perfume-Badee-Al-Oud-Sublime-100ml/123834583"
"JEAN PAUL GAULTIER","https://www.falabella.com.co/falabella-co/product/69667444/Perfume-Masculino-Jean-Paul-Gaultier-Le-Male-Elixir-75-ml-Edp/69667444","$ 427.000","https://www.falabella.com.co/falabella-co/product/69667444/Perfume-Masculino-Jean-Paul-Gaultier-Le-Male-Elixir-75-ml-Edp/69667444","Perfume Masculino Le Male Elixir 75 ml Edp","https://www.falabella.com.co/falabella-co/product/69667444/Perfume-Masculino-Jean-Paul-Gaultier-Le-Male-Elixir-75-ml-Edp/69667444"
"RABANNE","https://www.falabella.com.co/falabella-co/product/18352390/Perfume-Hombre-Rabanne-Phantom-50-ml-EDT/18352390","$ 407.000","https://www.falabella.com.co/falabella-co/product/18352390/Perfume-Hombre-Rabanne-Phantom-50-ml-EDT/18352390","Perfume Hombre Phantom 50 ml EDT","https://www.falabella.com.co/falabella-co/product/18352390/Perfume-Hombre-Rabanne-Phantom-50-ml-EDT/18352390"
"JEAN PAUL GAULTIER","https://www.falabella.com.co/falabella-co/product/5259240/Perfume-Jean-Paul-Gaultier-Hombre-Le-Male-125ml-EDP-/5259240","$ 571.000","https://www.falabella.com.co/falabella-co/product/5259240/Perfume-Jean-Paul-Gaultier-Hombre-Le-Male-125ml-EDP-/5259240","Perfume Hombre Le Male 125ml EDP","https://www.falabella.com.co/falabella-co/product/5259240/Perfume-Jean-Paul-Gaultier-Hombre-Le-Male-125ml-EDP-/5259240"
"CAROLINA HERRERA","https://www.falabella.com.co/falabella-co/product/5259231/Perfume-Carolina-Herrera-Good-Girl-Supr%C3%AAme-Intense-Mujer-80-ml-EDP/5259231","$ 681.000","https://www.falabella.com.co/falabella-co/product/5259231/Perfume-Carolina-Herrera-Good-Girl-Supr%C3%AAme-Intense-Mujer-80-ml-EDP/5259231","Perfume Good Girl Suprême Intense Mujer 80 ml EDP","https://www.falabella.com.co/falabella-co/product/5259231/Perfume-Carolina-Herrera-Good-Girl-Supr%C3%AAme-Intense-Mujer-80-ml-EDP/5259231"
"GUCCI","https://www.falabella.com.co/falabella-co/product/139257081/PERFUME-MUJER-GUCCI-FLORA-ORCHID-EDP-100-ML/139257082","$ 629.900","https://www.falabella.com.co/falabella-co/product/139257081/PERFUME-MUJER-GUCCI-FLORA-ORCHID-EDP-100-ML/139257082","PERFUME MUJER FLORA ORCHID EDP 100 ML","https://www.falabella.com.co/falabella-co/product/139257081/PERFUME-MUJER-GUCCI-FLORA-ORCHID-EDP-100-ML/139257082"
"RABANNE","https://www.falabella.com.co/falabella-co/product/39318122/Perfume-Mujer-Paco-Rabanne-Fame-80-ml-EDP/39318122","$ 568.000","https://www.falabella.com.co/falabella-co/product/39318122/Perfume-Mujer-Paco-Rabanne-Fame-80-ml-EDP/39318122","Perfume Mujer Paco Fame 80 ml EDP","https://www.falabella.com.co/falabella-co/product/39318122/Perfume-Mujer-Paco-Rabanne-Fame-80-ml-EDP/39318122"
"BURBERRY","https://www.falabella.com.co/falabella-co/product/72711890/Perfume-Mujer-Burberry-Goddess-100-ml-EDP/72711890","$ 759.900","https://www.falabella.com.co/falabella-co/product/72711890/Perfume-Mujer-Burberry-Goddess-100-ml-EDP/72711890","Perfume Mujer Goddess 100 ml EDP","https://www.falabella.com.co/falabella-co/product/72711890/Perfume-Mujer-Burberry-Goddess-100-ml-EDP/72711890"
"CAROLINA HERRERA","https://www.falabella.com.co/falabella-co/product/30299674/Perfume-Mujer-Carolina-Herrera-Good-Girl-50-ml-EDP/30299674","$ 481.000","https://www.falabella.com.co/falabella-co/product/30299674/Perfume-Mujer-Carolina-Herrera-Good-Girl-50-ml-EDP/30299674","Perfume Mujer Good Girl 50 ml EDP","https://www.falabella.com.co/falabella-co/product/30299674/Perfume-Mujer-Carolina-Herrera-Good-Girl-50-ml-EDP/30299674"
"RABANNE","https://www.falabella.com.co/falabella-co/product/5259233/Perfume-Rabanne-One-Million-Parfum-Hombre-50-ml-EDP/5259233","$ 392.000","https://www.falabella.com.co/falabella-co/product/5259233/Perfume-Rabanne-One-Million-Parfum-Hombre-50-ml-EDP/5259233","Perfume One Million Parfum Hombre 50 ml EDP","https://www.falabella.com.co/falabella-co/product/5259233/Perfume-Rabanne-One-Million-Parfum-Hombre-50-ml-EDP/5259233"
"BURBERRY","https://www.falabella.com.co/falabella-co/product/72711891/Perfume-Mujer-Burberry-Goddess-50-ml-EDP/72711891","$ 579.900","https://www.falabella.com.co/falabella-co/product/72711891/Perfume-Mujer-Burberry-Goddess-50-ml-EDP/72711891","Perfume Mujer Goddess 50 ml EDP","https://www.falabella.com.co/falabella-co/product/72711891/Perfume-Mujer-Burberry-Goddess-50-ml-EDP/72711891"
"CAROLINA HERRERA","https://www.falabella.com.co/falabella-co/product/15300785/Perfume-Hombre-Carolina-Herrera-Bad-Boy-Le-Parfum-100-ml-EDP/15300785","$ 605.000","https://www.falabella.com.co/falabella-co/product/15300785/Perfume-Hombre-Carolina-Herrera-Bad-Boy-Le-Parfum-100-ml-EDP/15300785","Perfume Hombre Bad Boy Le Parfum 100 ml EDP","https://www.falabella.com.co/falabella-co/product/15300785/Perfume-Hombre-Carolina-Herrera-Bad-Boy-Le-Parfum-100-ml-EDP/15300785"
"CALVIN KLEIN","https://www.falabella.com.co/falabella-co/product/44971282/Perfume-Unisex-Calvin-Klein-Ck-Everyone-EDT-100-ml/44971282","$ 339.900","https://www.falabella.com.co/falabella-co/product/44971282/Perfume-Unisex-Calvin-Klein-Ck-Everyone-EDT-100-ml/44971282","Perfume Unisex Ck Everyone EDT 100 ml","https://www.falabella.com.co/falabella-co/product/44971282/Perfume-Unisex-Calvin-Klein-Ck-Everyone-EDT-100-ml/44971282"
"RABANNE","https://www.falabella.com.co/falabella-co/product/14117865/Perfume-Hombre-Rabanne-Invictus-Victory-50-ml-EDP/14117865","$ 416.000","https://www.falabella.com.co/falabella-co/product/14117865/Perfume-Hombre-Rabanne-Invictus-Victory-50-ml-EDP/14117865","Perfume Hombre Invictus Victory 50 ml EDP","https://www.falabella.com.co/falabella-co/product/14117865/Perfume-Hombre-Rabanne-Invictus-Victory-50-ml-EDP/14117865"
"RABANNE","https://www.falabella.com.co/falabella-co/product/39318123/Perfume-Mujer-Paco-Rabanne-Fame-50-ml-EDP/39318123","$ 436.000","https://www.falabella.com.co/falabella-co/product/39318123/Perfume-Mujer-Paco-Rabanne-Fame-50-ml-EDP/39318123","Perfume Mujer Paco Fame 50 ml EDP","https://www.falabella.com.co/falabella-co/product/39318123/Perfume-Mujer-Paco-Rabanne-Fame-50-ml-EDP/39318123"
"BURBERRY","https://www.falabella.com.co/falabella-co/product/72997772/Perfume-Mujer-Burberry-GODDESS-INTENSE-100-ml-EDP/72997772","$ 809.900","https://www.falabella.com.co/falabella-co/product/72997772/Perfume-Mujer-Burberry-GODDESS-INTENSE-100-ml-EDP/72997772","Perfume Mujer GODDESS INTENSE 100 ml EDP","https://www.falabella.com.co/falabella-co/product/72997772/Perfume-Mujer-Burberry-GODDESS-INTENSE-100-ml-EDP/72997772"
"BURBERRY","https://www.falabella.com.co/falabella-co/product/72866726/Perfume-Hombre-Burberry-Hero-100-ml-EDP-/72866726","$ 689.900","https://www.falabella.com.co/falabella-co/product/72866726/Perfume-Hombre-Burberry-Hero-100-ml-EDP-/72866726","Perfume Hombre Hero 100 ml EDP","https://www.falabella.com.co/falabella-co/product/72866726/Perfume-Hombre-Burberry-Hero-100-ml-EDP-/72866726"
"JEAN PAUL GAULTIER","https://www.falabella.com.co/falabella-co/product/72724659/Perfume-Jean-Paul-Gaultier-Mujer-Divine-100ml-EDP/72724659","$ 739.000","https://www.falabella.com.co/falabella-co/product/72724659/Perfume-Jean-Paul-Gaultier-Mujer-Divine-100ml-EDP/72724659","Perfume Mujer Divine 100ml EDP","https://www.falabella.com.co/falabella-co/product/72724659/Perfume-Jean-Paul-Gaultier-Mujer-Divine-100ml-EDP/72724659"
"CALVIN KLEIN","https://www.falabella.com.co/falabella-co/product/130395617/PERFUME-HOMBRE-CALVIN-KLEIN-EVERYONE-EDT-200-ML/130395619","$ 347.900","https://www.falabella.com.co/falabella-co/product/130395617/PERFUME-HOMBRE-CALVIN-KLEIN-EVERYONE-EDT-200-ML/130395619","PERFUME HOMBRE EVERYONE EDT 200 ML","https://www.falabella.com.co/falabella-co/product/130395617/PERFUME-HOMBRE-CALVIN-KLEIN-EVERYONE-EDT-200-ML/130395619"
"LATTAFA","https://www.falabella.com.co/falabella-co/product/123467405/Perfume-Badee-Al-Oud-Amethyst-100ml/123467406?sponsoredClickData=%257B%2522isXLP%2522%253Atrue%252C%2522pageType%2522%253A%2522category%2522%252C%2522adType%2522%253A%2522products%2522%252C%2522platform%2522%253A%2522desktop%2522%252C%2522regionCode%2522%253A%2522co%2522%252C%2522context%2522%253A%257B%2522userIdentifier%2522%253A%2522MTc0Njc0MDM2NzY0OQ%253D%253D%2522%252C%2522adIdentifier%2522%253A%2522v2_Ak5xtHQHgJ-bO9T_Nn0-OE58cXMmwNlUmvj7nUKQy6nC7yHfRzX4YI9L4bdtQ-WZUDpYmyw54RCWq-IiWPLg7IYdgbUfBSD6HXEtVZnTMtCLI4BVeHwfXDqQT_Wvg6nsvGT7wdJiAbXeDeFBFgLSOtaRMyunxKi4kkEAsYCyRK0%253D_ark196b1d3e1657713839%2522%252C%2522slot%2522%253Anull%252C%2522signal%2522%253A%2522Perfumes%2522%257D%257D","$ 189.000","https://www.falabella.com.co/falabella-co/product/123467405/Perfume-Badee-Al-Oud-Amethyst-100ml/123467406?sponsoredClickData=%257B%2522isXLP%2522%253Atrue%252C%2522pageType%2522%253A%2522category%2522%252C%2522adType%2522%253A%2522products%2522%252C%2522platform%2522%253A%2522desktop%2522%252C%2522regionCode%2522%253A%2522co%2522%252C%2522context%2522%253A%257B%2522userIdentifier%2522%253A%2522MTc0Njc0MDM2NzY0OQ%253D%253D%2522%252C%2522adIdentifier%2522%253A%2522v2_Ak5xtHQHgJ-bO9T_Nn0-OE58cXMmwNlUmvj7nUKQy6nC7yHfRzX4YI9L4bdtQ-WZUDpYmyw54RCWq-IiWPLg7IYdgbUfBSD6HXEtVZnTMtCLI4BVeHwfXDqQT_Wvg6nsvGT7wdJiAbXeDeFBFgLSOtaRMyunxKi4kkEAsYCyRK0%253D_ark196b1d3e1657713839%2522%252C%2522slot%2522%253Anull%252C%2522signal%2522%253A%2522Perfumes%2522%257D%257D","Perfume Badee Al Oud Amethyst 100ml","https://www.falabella.com.co/falabella-co/product/123467405/Perfume-Badee-Al-Oud-Amethyst-100ml/123467406?sponsoredClickData=%257B%2522isXLP%2522%253Atrue%252C%2522pageType%2522%253A%2522category%2522%252C%2522adType%2522%253A%2522products%2522%252C%2522platform%2522%253A%2522desktop%2522%252C%2522regionCode%2522%253A%2522co%2522%252C%2522context%2522%253A%257B%2522userIdentifier%2522%253A%2522MTc0Njc0MDM2NzY0OQ%253D%253D%2522%252C%2522adIdentifier%2522%253A%2522v2_Ak5xtHQHgJ-bO9T_Nn0-OE58cXMmwNlUmvj7nUKQy6nC7yHfRzX4YI9L4bdtQ-WZUDpYmyw54RCWq-IiWPLg7IYdgbUfBSD6HXEtVZnTMtCLI4BVeHwfXDqQT_Wvg6nsvGT7wdJiAbXeDeFBFgLSOtaRMyunxKi4kkEAsYCyRK0%253D_ark196b1d3e1657713839%2522%252C%2522slot%2522%253Anull%252C%2522signal%2522%253A%2522Perfumes%2522%257D%257D"
"CAROLINA HERRERA","https://www.falabella.com.co/falabella-co/product/69652586/Perfume-Mujer-Carolina-Herrera-CH-EDT-100ml-EDT/69652586?sponsoredClickData=%257B%2522isXLP%2522%253Atrue%252C%2522pageType%2522%253A%2522category%2522%252C%2522adType%2522%253A%2522products%2522%252C%2522platform%2522%253A%2522desktop%2522%252C%2522regionCode%2522%253A%2522co%2522%252C%2522context%2522%253A%257B%2522userIdentifier%2522%253A%2522MTc0Njc0MDM2NzY0OQ%253D%253D%2522%252C%2522adIdentifier%2522%253A%2522v2_titqTeuny0GZXhoBByqauk58cXMmwNlUmvj7nUKQy6nC7yHfRzX4YI9L4bdtQ-WZGfUDLv2g7I5JjD-uEpwooGyowrTXbK3uhDENFUR6-ChTxhtGkR4pZROVMsbJwHGbvGT7wdJiAbXeDeFBFgLSOtaRMyunxKi4kkEAsYCyRK0%253D_ark196b1d3e1657713839%2522%252C%2522slot%2522%253Anull%252C%2522signal%2522%253A%2522Perfumes%2522%257D%257D","$ 557.000","https://www.falabella.com.co/falabella-co/product/69652586/Perfume-Mujer-Carolina-Herrera-CH-EDT-100ml-EDT/69652586?sponsoredClickData=%257B%2522isXLP%2522%253Atrue%252C%2522pageType%2522%253A%2522category%2522%252C%2522adType%2522%253A%2522products%2522%252C%2522platform%2522%253A%2522desktop%2522%252C%2522regionCode%2522%253A%2522co%2522%252C%2522context%2522%253A%257B%2522userIdentifier%2522%253A%2522MTc0Njc0MDM2NzY0OQ%253D%253D%2522%252C%2522adIdentifier%2522%253A%2522v2_titqTeuny0GZXhoBByqauk58cXMmwNlUmvj7nUKQy6nC7yHfRzX4YI9L4bdtQ-WZGfUDLv2g7I5JjD-uEpwooGyowrTXbK3uhDENFUR6-ChTxhtGkR4pZROVMsbJwHGbvGT7wdJiAbXeDeFBFgLSOtaRMyunxKi4kkEAsYCyRK0%253D_ark196b1d3e1657713839%2522%252C%2522slot%2522%253Anull%252C%2522signal%2522%253A%2522Perfumes%2522%257D%257D","Perfume Mujer CH EDT 100ml EDT","https://www.falabella.com.co/falabella-co/product/69652586/Perfume-Mujer-Carolina-Herrera-CH-EDT-100ml-EDT/69652586?sponsoredClickData=%257B%2522isXLP%2522%253Atrue%252C%2522pageType%2522%253A%2522category%2522%252C%2522adType%2522%253A%2522products%2522%252C%2522platform%2522%253A%2522desktop%2522%252C%2522regionCode%2522%253A%2522co%2522%252C%2522context%2522%253A%257B%2522userIdentifier%2522%253A%2522MTc0Njc0MDM2NzY0OQ%253D%253D%2522%252C%2522adIdentifier%2522%253A%2522v2_titqTeuny0GZXhoBByqauk58cXMmwNlUmvj7nUKQy6nC7yHfRzX4YI9L4bdtQ-WZGfUDLv2g7I5JjD-uEpwooGyowrTXbK3uhDENFUR6-ChTxhtGkR4pZROVMsbJwHGbvGT7wdJiAbXeDeFBFgLSOtaRMyunxKi4kkEAsYCyRK0%253D_ark196b1d3e1657713839%2522%252C%2522slot%2522%253Anull%252C%2522signal%2522%253A%2522Perfumes%2522%257D%257D"
"LATTAFA","https://www.falabella.com.co/falabella-co/product/123467405/Perfume-Badee-Al-Oud-Amethyst-100ml/123467406?sponsoredClickData=%257B%2522isXLP%2522%253Atrue%252C%2522pageType%2522%253A%2522category%2522%252C%2522adType%2522%253A%2522products%2522%252C%2522platform%2522%253A%2522desktop%2522%252C%2522regionCode%2522%253A%2522co%2522%252C%2522context%2522%253A%257B%2522userIdentifier%2522%253A%2522MTc0Njc0MDM2NzY0OQ%253D%253D%2522%252C%2522adIdentifier%2522%253A%2522v2_sL7qhRLidrgBpqFpXstuDUs8ZDyhcBb5ERlRmm3giITC7yHfRzX4YI9L4bdtQ-WZUDpYmyw54RCWq-IiWPLg7F0o6s0maBTr25yp-y0k_e0FKlw-qfZZkYUPIcJPHWpbvGT7wdJiAbXeDeFBFgLSOmgR6YpGST3w8voA4HcGRz8%253D_ark196b1d22104769d688%2522%252C%2522slot%2522%253A1%252C%2522signal%2522%253A%2522Perfumes%2522%257D%257D","$ 189.000","https://www.falabella.com.co/falabella-co/product/123467405/Perfume-Badee-Al-Oud-Amethyst-100ml/123467406?sponsoredClickData=%257B%2522isXLP%2522%253Atrue%252C%2522pageType%2522%253A%2522category%2522%252C%2522adType%2522%253A%2522products%2522%252C%2522platform%2522%253A%2522desktop%2522%252C%2522regionCode%2522%253A%2522co%2522%252C%2522context%2522%253A%257B%2522userIdentifier%2522%253A%2522MTc0Njc0MDM2NzY0OQ%253D%253D%2522%252C%2522adIdentifier%2522%253A%2522v2_sL7qhRLidrgBpqFpXstuDUs8ZDyhcBb5ERlRmm3giITC7yHfRzX4YI9L4bdtQ-WZUDpYmyw54RCWq-IiWPLg7F0o6s0maBTr25yp-y0k_e0FKlw-qfZZkYUPIcJPHWpbvGT7wdJiAbXeDeFBFgLSOmgR6YpGST3w8voA4HcGRz8%253D_ark196b1d22104769d688%2522%252C%2522slot%2522%253A1%252C%2522signal%2522%253A%2522Perfumes%2522%257D%257D","Perfume Badee Al Oud Amethyst 100ml","https://www.falabella.com.co/falabella-co/product/123467405/Perfume-Badee-Al-Oud-Amethyst-100ml/123467406?sponsoredClickData=%257B%2522isXLP%2522%253Atrue%252C%2522pageType%2522%253A%2522category%2522%252C%2522adType%2522%253A%2522products%2522%252C%2522platform%2522%253A%2522desktop%2522%252C%2522regionCode%2522%253A%2522co%2522%252C%2522context%2522%253A%257B%2522userIdentifier%2522%253A%2522MTc0Njc0MDM2NzY0OQ%253D%253D%2522%252C%2522adIdentifier%2522%253A%2522v2_sL7qhRLidrgBpqFpXstuDUs8ZDyhcBb5ERlRmm3giITC7yHfRzX4YI9L4bdtQ-WZUDpYmyw54RCWq-IiWPLg7F0o6s0maBTr25yp-y0k_e0FKlw-qfZZkYUPIcJPHWpbvGT7wdJiAbXeDeFBFgLSOmgR6YpGST3w8voA4HcGRz8%253D_ark196b1d22104769d688%2522%252C%2522slot%2522%253A1%252C%2522signal%2522%253A%2522Perfumes%2522%257D%257D"
"CAROLINA HERRERA","https://www.falabella.com.co/falabella-co/product/69652586/Perfume-Mujer-Carolina-Herrera-CH-EDT-100ml-EDT/69652586?sponsoredClickData=%257B%2522isXLP%2522%253Atrue%252C%2522pageType%2522%253A%2522category%2522%252C%2522adType%2522%253A%2522products%2522%252C%2522platform%2522%253A%2522desktop%2522%252C%2522regionCode%2522%253A%2522co%2522%252C%2522context%2522%253A%257B%2522userIdentifier%2522%253A%2522MTc0Njc0MDM2NzY0OQ%253D%253D%2522%252C%2522adIdentifier%2522%253A%2522v2_Xo_zdiDib4u5p_AT3jGRMEs8ZDyhcBb5ERlRmm3giITC7yHfRzX4YI9L4bdtQ-WZGfUDLv2g7I5JjD-uEpwooA5CyxKUT2i6ef5EQSSS8Cz5i3EQwBvfK3ncRC8ACjPjvGT7wdJiAbXeDeFBFgLSOmgR6YpGST3w8voA4HcGRz8%253D_ark196b1d22104769d688%2522%252C%2522slot%2522%253A2%252C%2522signal%2522%253A%2522Perfumes%2522%257D%257D","$ 557.000","https://www.falabella.com.co/falabella-co/product/69652586/Perfume-Mujer-Carolina-Herrera-CH-EDT-100ml-EDT/69652586?sponsoredClickData=%257B%2522isXLP%2522%253Atrue%252C%2522pageType%2522%253A%2522category%2522%252C%2522adType%2522%253A%2522products%2522%252C%2522platform%2522%253A%2522desktop%2522%252C%2522regionCode%2522%253A%2522co%2522%252C%2522context%2522%253A%257B%2522userIdentifier%2522%253A%2522MTc0Njc0MDM2NzY0OQ%253D%253D%2522%252C%2522adIdentifier%2522%253A%2522v2_Xo_zdiDib4u5p_AT3jGRMEs8ZDyhcBb5ERlRmm3giITC7yHfRzX4YI9L4bdtQ-WZGfUDLv2g7I5JjD-uEpwooA5CyxKUT2i6ef5EQSSS8Cz5i3EQwBvfK3ncRC8ACjPjvGT7wdJiAbXeDeFBFgLSOmgR6YpGST3w8voA4HcGRz8%253D_ark196b1d22104769d688%2522%252C%2522slot%2522%253A2%252C%2522signal%2522%253A%2522Perfumes%2522%257D%257D","Perfume Mujer CH EDT 100ml EDT","https://www.falabella.com.co/falabella-co/product/69652586/Perfume-Mujer-Carolina-Herrera-CH-EDT-100ml-EDT/69652586?sponsoredClickData=%257B%2522isXLP%2522%253Atrue%252C%2522pageType%2522%253A%2522category%2522%252C%2522adType%2522%253A%2522products%2522%252C%2522platform%2522%253A%2522desktop%2522%252C%2522regionCode%2522%253A%2522co%2522%252C%2522context%2522%253A%257B%2522userIdentifier%2522%253A%2522MTc0Njc0MDM2NzY0OQ%253D%253D%2522%252C%2522adIdentifier%2522%253A%2522v2_Xo_zdiDib4u5p_AT3jGRMEs8ZDyhcBb5ERlRmm3giITC7yHfRzX4YI9L4bdtQ-WZGfUDLv2g7I5JjD-uEpwooA5CyxKUT2i6ef5EQSSS8Cz5i3EQwBvfK3ncRC8ACjPjvGT7wdJiAbXeDeFBFgLSOmgR6YpGST3w8voA4HcGRz8%253D_ark196b1d22104769d688%2522%252C%2522slot%2522%253A2%252C%2522signal%2522%253A%2522Perfumes%2522%257D%257D"
"RABANNE","https://www.falabella.com.co/falabella-co/product/1398711/Perfume-Rabanne-One-Million-Hombre-100-ml-EDT/1398711","$ 530.000","https://www.falabella.com.co/falabella-co/product/1398711/Perfume-Rabanne-One-Million-Hombre-100-ml-EDT/1398711","Perfume One Million Hombre 100 ml EDT","https://www.falabella.com.co/falabella-co/product/1398711/Perfume-Rabanne-One-Million-Hombre-100-ml-EDT/1398711"
"RABANNE","https://www.falabella.com.co/falabella-co/product/2053552/Perfume-Rabanne-Invictus-Hombre-50-ml-EDT/2053552","$ 385.000","https://www.falabella.com.co/falabella-co/product/2053552/Perfume-Rabanne-Invictus-Hombre-50-ml-EDT/2053552","Perfume Invictus Hombre 50 ml EDT","https://www.falabella.com.co/falabella-co/product/2053552/Perfume-Rabanne-Invictus-Hombre-50-ml-EDT/2053552"
"LATTAFA","https://www.falabella.com.co/falabella-co/product/141918420/Perfume-Yara-100ml-+-Yara-50ml-+-Yara-Roll-On-10ml-Lattafa/141918421?sponsoredClickData=%257B%2522isXLP%2522%253Atrue%252C%2522pageType%2522%253A%2522category%2522%252C%2522adType%2522%253A%2522products%2522%252C%2522platform%2522%253A%2522desktop%2522%252C%2522regionCode%2522%253A%2522co%2522%252C%2522context%2522%253A%257B%2522userIdentifier%2522%253A%2522MTc0Njc0MDM2NzY0OQ%253D%253D%2522%252C%2522adIdentifier%2522%253A%2522v2_TERDRhL1na_y35w9jGwKiEs8ZDyhcBb5ERlRmm3giITC7yHfRzX4YI9L4bdtQ-WZy3QN4vryodIgV809AnRhYO0aafHzYUlgnOtNnP43QOgVwyrQ6xV6R1XHwZfCrN2AvGT7wdJiAbXeDeFBFgLSOmgR6YpGST3w8voA4HcGRz8%253D_ark196b1d22104769d688%2522%252C%2522slot%2522%253A5%252C%2522signal%2522%253A%2522Perfumes%2522%257D%257D","$ 239.000","https://www.falabella.com.co/falabella-co/product/141918420/Perfume-Yara-100ml-+-Yara-50ml-+-Yara-Roll-On-10ml-Lattafa/141918421?sponsoredClickData=%257B%2522isXLP%2522%253Atrue%252C%2522pageType%2522%253A%2522category%2522%252C%2522adType%2522%253A%2522products%2522%252C%2522platform%2522%253A%2522desktop%2522%252C%2522regionCode%2522%253A%2522co%2522%252C%2522context%2522%253A%257B%2522userIdentifier%2522%253A%2522MTc0Njc0MDM2NzY0OQ%253D%253D%2522%252C%2522adIdentifier%2522%253A%2522v2_TERDRhL1na_y35w9jGwKiEs8ZDyhcBb5ERlRmm3giITC7yHfRzX4YI9L4bdtQ-WZy3QN4vryodIgV809AnRhYO0aafHzYUlgnOtNnP43QOgVwyrQ6xV6R1XHwZfCrN2AvGT7wdJiAbXeDeFBFgLSOmgR6YpGST3w8voA4HcGRz8%253D_ark196b1d22104769d688%2522%252C%2522slot%2522%253A5%252C%2522signal%2522%253A%2522Perfumes%2522%257D%257D","Perfume Yara 100ml + Yara 50ml + Yara Roll-On 10ml","https://www.falabella.com.co/falabella-co/product/141918420/Perfume-Yara-100ml-+-Yara-50ml-+-Yara-Roll-On-10ml-Lattafa/141918421?sponsoredClickData=%257B%2522isXLP%2522%253Atrue%252C%2522pageType%2522%253A%2522category%2522%252C%2522adType%2522%253A%2522products%2522%252C%2522platform%2522%253A%2522desktop%2522%252C%2522regionCode%2522%253A%2522co%2522%252C%2522context%2522%253A%257B%2522userIdentifier%2522%253A%2522MTc0Njc0MDM2NzY0OQ%253D%253D%2522%252C%2522adIdentifier%2522%253A%2522v2_TERDRhL1na_y35w9jGwKiEs8ZDyhcBb5ERlRmm3giITC7yHfRzX4YI9L4bdtQ-WZy3QN4vryodIgV809AnRhYO0aafHzYUlgnOtNnP43QOgVwyrQ6xV6R1XHwZfCrN2AvGT7wdJiAbXeDeFBFgLSOmgR6YpGST3w8voA4HcGRz8%253D_ark196b1d22104769d688%2522%252C%2522slot%2522%253A5%252C%2522signal%2522%253A%2522Perfumes%2522%257D%257D"
"MAISON ALHAMBRA","https://www.falabella.com.co/falabella-co/product/121707999/Perfume-Delilah-Pour-Femme-100ml/121708000?sponsoredClickData=%257B%2522isXLP%2522%253Atrue%252C%2522pageType%2522%253A%2522category%2522%252C%2522adType%2522%253A%2522products%2522%252C%2522platform%2522%253A%2522desktop%2522%252C%2522regionCode%2522%253A%2522co%2522%252C%2522context%2522%253A%257B%2522userIdentifier%2522%253A%2522MTc0Njc0MDM2NzY0OQ%253D%253D%2522%252C%2522adIdentifier%2522%253A%2522v2_9qE-kEAIyA-RXISvSysdVEs8ZDyhcBb5ERlRmm3giITC7yHfRzX4YI9L4bdtQ-WZUDpYmyw54RCWq-IiWPLg7DCNiQPovdd7LMbEsyDmg2bwKq2JpZe-AGmCCLarxH6RvGT7wdJiAbXeDeFBFgLSOmgR6YpGST3w8voA4HcGRz8%253D_ark196b1d22104769d688%2522%252C%2522slot%2522%253A6%252C%2522signal%2522%253A%2522Perfumes%2522%257D%257D","$ 173.000","https://www.falabella.com.co/falabella-co/product/121707999/Perfume-Delilah-Pour-Femme-100ml/121708000?sponsoredClickData=%257B%2522isXLP%2522%253Atrue%252C%2522pageType%2522%253A%2522category%2522%252C%2522adType%2522%253A%2522products%2522%252C%2522platform%2522%253A%2522desktop%2522%252C%2522regionCode%2522%253A%2522co%2522%252C%2522context%2522%253A%257B%2522userIdentifier%2522%253A%2522MTc0Njc0MDM2NzY0OQ%253D%253D%2522%252C%2522adIdentifier%2522%253A%2522v2_9qE-kEAIyA-RXISvSysdVEs8ZDyhcBb5ERlRmm3giITC7yHfRzX4YI9L4bdtQ-WZUDpYmyw54RCWq-IiWPLg7DCNiQPovdd7LMbEsyDmg2bwKq2JpZe-AGmCCLarxH6RvGT7wdJiAbXeDeFBFgLSOmgR6YpGST3w8voA4HcGRz8%253D_ark196b1d22104769d688%2522%252C%2522slot%2522%253A6%252C%2522signal%2522%253A%2522Perfumes%2522%257D%257D","Perfume Delilah Pour Femme 100ml","https://www.falabella.com.co/falabella-co/product/121707999/Perfume-Delilah-Pour-Femme-100ml/121708000?sponsoredClickData=%257B%2522isXLP%2522%253Atrue%252C%2522pageType%2522%253A%2522category%2522%252C%2522adType%2522%253A%2522products%2522%252C%2522platform%2522%253A%2522desktop%2522%252C%2522regionCode%2522%253A%2522co%2522%252C%2522context%2522%253A%257B%2522userIdentifier%2522%253A%2522MTc0Njc0MDM2NzY0OQ%253D%253D%2522%252C%2522adIdentifier%2522%253A%2522v2_9qE-kEAIyA-RXISvSysdVEs8ZDyhcBb5ERlRmm3giITC7yHfRzX4YI9L4bdtQ-WZUDpYmyw54RCWq-IiWPLg7DCNiQPovdd7LMbEsyDmg2bwKq2JpZe-AGmCCLarxH6RvGT7wdJiAbXeDeFBFgLSOmgR6YpGST3w8voA4HcGRz8%253D_ark196b1d22104769d688%2522%252C%2522slot%2522%253A6%252C%2522signal%2522%253A%2522Perfumes%2522%257D%257D"
"CAROLINA HERRERA","https://www.falabella.com.co/falabella-co/product/4041298/Perfume-Carolina-Herrera-Bad-Boy-Hombre-100-ml-EDT/4041298","$ 551.000","https://www.falabella.com.co/falabella-co/product/4041298/Perfume-Carolina-Herrera-Bad-Boy-Hombre-100-ml-EDT/4041298","Perfume Bad Boy Hombre 100 ml EDT","https://www.falabella.com.co/falabella-co/product/4041298/Perfume-Carolina-Herrera-Bad-Boy-Hombre-100-ml-EDT/4041298"
"JEAN PAUL GAULTIER","https://www.falabella.com.co/falabella-co/product/19810905/Perfume-Hombre-Jean-Paul-Gaultier-Scandal-Pour-Homme-50-ml-EDT/19810905","$ 386.000","https://www.falabella.com.co/falabella-co/product/19810905/Perfume-Hombre-Jean-Paul-Gaultier-Scandal-Pour-Homme-50-ml-EDT/19810905","Perfume Hombre Scandal Pour Homme 50 ml EDT","https://www.falabella.com.co/falabella-co/product/19810905/Perfume-Hombre-Jean-Paul-Gaultier-Scandal-Pour-Homme-50-ml-EDT/19810905"
"REYANE","https://www.falabella.com.co/falabella-co/product/121603272/Perfume-Reyane-Acqua-Di-Parisis-Venizia-100ml-edp-Femme/121603273?sponsoredClickData=%257B%2522isXLP%2522%253Atrue%252C%2522pageType%2522%253A%2522category%2522%252C%2522adType%2522%253A%2522products%2522%252C%2522platform%2522%253A%2522desktop%2522%252C%2522regionCode%2522%253A%2522co%2522%252C%2522context%2522%253A%257B%2522userIdentifier%2522%253A%2522MTc0Njc0MDM2NzY0OQ%253D%253D%2522%252C%2522adIdentifier%2522%253A%2522v2_Fv6FrOo5UUqQZ_6yeQFxMEs8ZDyhcBb5ERlRmm3giITC7yHfRzX4YI9L4bdtQ-WZM_iwjGoMDKsnIr8h7hu53RvebU3hwIAORm_rA6fnSCXl2_dQOybfjAFROhfY9E_jvGT7wdJiAbXeDeFBFgLSOmgR6YpGST3w8voA4HcGRz8%253D_ark196b1d22104769d688%2522%252C%2522slot%2522%253A9%252C%2522signal%2522%253A%2522Perfumes%2522%257D%257D","$ 186.915","https://www.falabella.com.co/falabella-co/product/121603272/Perfume-Reyane-Acqua-Di-Parisis-Venizia-100ml-edp-Femme/121603273?sponsoredClickData=%257B%2522isXLP%2522%253Atrue%252C%2522pageType%2522%253A%2522category%2522%252C%2522adType%2522%253A%2522products%2522%252C%2522platform%2522%253A%2522desktop%2522%252C%2522regionCode%2522%253A%2522co%2522%252C%2522context%2522%253A%257B%2522userIdentifier%2522%253A%2522MTc0Njc0MDM2NzY0OQ%253D%253D%2522%252C%2522adIdentifier%2522%253A%2522v2_Fv6FrOo5UUqQZ_6yeQFxMEs8ZDyhcBb5ERlRmm3giITC7yHfRzX4YI9L4bdtQ-WZM_iwjGoMDKsnIr8h7hu53RvebU3hwIAORm_rA6fnSCXl2_dQOybfjAFROhfY9E_jvGT7wdJiAbXeDeFBFgLSOmgR6YpGST3w8voA4HcGRz8%253D_ark196b1d22104769d688%2522%252C%2522slot%2522%253A9%252C%2522signal%2522%253A%2522Perfumes%2522%257D%257D","Perfume Acqua Di Parisis Venizia 100ml edp Femme","https://www.falabella.com.co/falabella-co/product/121603272/Perfume-Reyane-Acqua-Di-Parisis-Venizia-100ml-edp-Femme/121603273?sponsoredClickData=%257B%2522isXLP%2522%253Atrue%252C%2522pageType%2522%253A%2522category%2522%252C%2522adType%2522%253A%2522products%2522%252C%2522platform%2522%253A%2522desktop%2522%252C%2522regionCode%2522%253A%2522co%2522%252C%2522context%2522%253A%257B%2522userIdentifier%2522%253A%2522MTc0Njc0MDM2NzY0OQ%253D%253D%2522%252C%2522adIdentifier%2522%253A%2522v2_Fv6FrOo5UUqQZ_6yeQFxMEs8ZDyhcBb5ERlRmm3giITC7yHfRzX4YI9L4bdtQ-WZM_iwjGoMDKsnIr8h7hu53RvebU3hwIAORm_rA6fnSCXl2_dQOybfjAFROhfY9E_jvGT7wdJiAbXeDeFBFgLSOmgR6YpGST3w8voA4HcGRz8%253D_ark196b1d22104769d688%2522%252C%2522slot%2522%253A9%252C%2522signal%2522%253A%2522Perfumes%2522%257D%257D"
"CAROLINA HERRERA","https://www.falabella.com.co/falabella-co/product/71207964/Perfume-Mujer-Carolina-Herrera-Pasion-80-ml-EDP/71207964?sponsoredClickData=%257B%2522isXLP%2522%253Atrue%252C%2522pageType%2522%253A%2522category%2522%252C%2522adType%2522%253A%2522products%2522%252C%2522platform%2522%253A%2522desktop%2522%252C%2522regionCode%2522%253A%2522co%2522%252C%2522context%2522%253A%257B%2522userIdentifier%2522%253A%2522MTc0Njc0MDM2NzY0OQ%253D%253D%2522%252C%2522adIdentifier%2522%253A%2522v2_u9WxrhEknuf_XuLfzxpPAks8ZDyhcBb5ERlRmm3giITC7yHfRzX4YI9L4bdtQ-WZDNoKHzxCUQpPZ36kdNSlTGIIEW2RkvIEdwg0yCVdJWq8joFCX1AddSEBABiItjSnvGT7wdJiAbXeDeFBFgLSOmgR6YpGST3w8voA4HcGRz8%253D_ark196b1d22104769d688%2522%252C%2522slot%2522%253A10%252C%2522signal%2522%253A%2522Perfumes%2522%257D%257D","$ 557.000","https://www.falabella.com.co/falabella-co/product/71207964/Perfume-Mujer-Carolina-Herrera-Pasion-80-ml-EDP/71207964?sponsoredClickData=%257B%2522isXLP%2522%253Atrue%252C%2522pageType%2522%253A%2522category%2522%252C%2522adType%2522%253A%2522products%2522%252C%2522platform%2522%253A%2522desktop%2522%252C%2522regionCode%2522%253A%2522co%2522%252C%2522context%2522%253A%257B%2522userIdentifier%2522%253A%2522MTc0Njc0MDM2NzY0OQ%253D%253D%2522%252C%2522adIdentifier%2522%253A%2522v2_u9WxrhEknuf_XuLfzxpPAks8ZDyhcBb5ERlRmm3giITC7yHfRzX4YI9L4bdtQ-WZDNoKHzxCUQpPZ36kdNSlTGIIEW2RkvIEdwg0yCVdJWq8joFCX1AddSEBABiItjSnvGT7wdJiAbXeDeFBFgLSOmgR6YpGST3w8voA4HcGRz8%253D_ark196b1d22104769d688%2522%252C%2522slot%2522%253A10%252C%2522signal%2522%253A%2522Perfumes%2522%257D%257D","Perfume Mujer Pasion 80 ml EDP","https://www.falabella.com.co/falabella-co/product/71207964/Perfume-Mujer-Carolina-Herrera-Pasion-80-ml-EDP/71207964?sponsoredClickData=%257B%2522isXLP%2522%253Atrue%252C%2522pageType%2522%253A%2522category%2522%252C%2522adType%2522%253A%2522products%2522%252C%2522platform%2522%253A%2522desktop%2522%252C%2522regionCode%2522%253A%2522co%2522%252C%2522context%2522%253A%257B%2522userIdentifier%2522%253A%2522MTc0Njc0MDM2NzY0OQ%253D%253D%2522%252C%2522adIdentifier%2522%253A%2522v2_u9WxrhEknuf_XuLfzxpPAks8ZDyhcBb5ERlRmm3giITC7yHfRzX4YI9L4bdtQ-WZDNoKHzxCUQpPZ36kdNSlTGIIEW2RkvIEdwg0yCVdJWq8joFCX1AddSEBABiItjSnvGT7wdJiAbXeDeFBFgLSOmgR6YpGST3w8voA4HcGRz8%253D_ark196b1d22104769d688%2522%252C%2522slot%2522%253A10%252C%2522signal%2522%253A%2522Perfumes%2522%257D%257D"
"RABANNE","https://www.falabella.com.co/falabella-co/product/17904226/Perfume-Mujer-Paco-Rabanne-Lady-Million-Fabulous-80-ml-EDP/17904226","$ 551.000","https://www.falabella.com.co/falabella-co/product/17904226/Perfume-Mujer-Paco-Rabanne-Lady-Million-Fabulous-80-ml-EDP/17904226","Perfume Mujer Paco Lady Million Fabulous 80 ml EDP","https://www.falabella.com.co/falabella-co/product/17904226/Perfume-Mujer-Paco-Rabanne-Lady-Million-Fabulous-80-ml-EDP/17904226"
"RABANNE","https://www.falabella.com.co/falabella-co/product/18352389/Perfume-Hombre-Rabanne-Phantom-100-ml-EDT/18352389","$ 557.000","https://www.falabella.com.co/falabella-co/product/18352389/Perfume-Hombre-Rabanne-Phantom-100-ml-EDT/18352389","Perfume Hombre Phantom 100 ml EDT","https://www.falabella.com.co/falabella-co/product/18352389/Perfume-Hombre-Rabanne-Phantom-100-ml-EDT/18352389"
"CALVIN KLEIN","https://www.falabella.com.co/falabella-co/product/18026360/Perfume-Unisex-Calvin-Klein-Ck-Everyone-200-ml-EDT/18026360","$ 409.900","https://www.falabella.com.co/falabella-co/product/18026360/Perfume-Unisex-Calvin-Klein-Ck-Everyone-200-ml-EDT/18026360","Perfume Unisex Ck Everyone 200 ml EDT","https://www.falabella.com.co/falabella-co/product/18026360/Perfume-Unisex-Calvin-Klein-Ck-Everyone-200-ml-EDT/18026360"
"RABANNE","https://www.falabella.com.co/falabella-co/product/5259234/Perfume-Rabanne-One-Million-Parfum-Hombre-100-ml-EDP/5259234","$ 535.000","https://www.falabella.com.co/falabella-co/product/5259234/Perfume-Rabanne-One-Million-Parfum-Hombre-100-ml-EDP/5259234","Perfume One Million Parfum Hombre 100 ml EDP","https://www.falabella.com.co/falabella-co/product/5259234/Perfume-Rabanne-One-Million-Parfum-Hombre-100-ml-EDP/5259234"
"CAROLINA HERRERA","https://www.falabella.com.co/falabella-co/product/4041299/Perfume-Carolina-Herrera-Bad-Boy-Hombre-50-ml-EDT/4041299","$ 416.000","https://www.falabella.com.co/falabella-co/product/4041299/Perfume-Carolina-Herrera-Bad-Boy-Hombre-50-ml-EDT/4041299","Perfume Bad Boy Hombre 50 ml EDT","https://www.falabella.com.co/falabella-co/product/4041299/Perfume-Carolina-Herrera-Bad-Boy-Hombre-50-ml-EDT/4041299"
"JEAN PAUL GAULTIER","https://www.falabella.com.co/falabella-co/product/72724658/Perfume-Jean-Paul-Gaultier-Mujer-Divine-50ml-EDP-/72724658","$ 519.000","https://www.falabella.com.co/falabella-co/product/72724658/Perfume-Jean-Paul-Gaultier-Mujer-Divine-50ml-EDP-/72724658","Perfume Mujer Divine 50ml EDP","https://www.falabella.com.co/falabella-co/product/72724658/Perfume-Jean-Paul-Gaultier-Mujer-Divine-50ml-EDP-/72724658"
"RABANNE","https://www.falabella.com.co/falabella-co/product/17904227/Perfume-Mujer-Paco-Rabanne-Lady-Million-Fabulous-50-ml-EDP/17904227","$ 422.000","https://www.falabella.com.co/falabella-co/product/17904227/Perfume-Mujer-Paco-Rabanne-Lady-Million-Fabulous-50-ml-EDP/17904227","Perfume Mujer Paco Lady Million Fabulous 50 ml EDP","https://www.falabella.com.co/falabella-co/product/17904227/Perfume-Mujer-Paco-Rabanne-Lady-Million-Fabulous-50-ml-EDP/17904227"
"BURBERRY","https://www.falabella.com.co/falabella-co/product/73027953/Perfume-Hombre-Burberry-Hero-Refill-200-ml-EDP/73027953","$ 869.900","https://www.falabella.com.co/falabella-co/product/73027953/Perfume-Hombre-Burberry-Hero-Refill-200-ml-EDP/73027953","Perfume Hombre Hero Refill 200 ml EDP","https://www.falabella.com.co/falabella-co/product/73027953/Perfume-Hombre-Burberry-Hero-Refill-200-ml-EDP/73027953"
"CAROLINA HERRERA","https://www.falabella.com.co/falabella-co/product/15300786/Perfume-Hombre-Carolina-Herrera-Bad-Boy-Le-Parfum-50-ml-EDP/15300786","$ 458.000","https://www.falabella.com.co/falabella-co/product/15300786/Perfume-Hombre-Carolina-Herrera-Bad-Boy-Le-Parfum-50-ml-EDP/15300786","Perfume Hombre Bad Boy Le Parfum 50 ml EDP","https://www.falabella.com.co/falabella-co/product/15300786/Perfume-Hombre-Carolina-Herrera-Bad-Boy-Le-Parfum-50-ml-EDP/15300786"
"CAROLINA HERRERA","https://www.falabella.com.co/falabella-co/product/65469778/Carolina-Herrera-Good-Girl-Blush-50-ml-EDP/65469778","$ 522.000","https://www.falabella.com.co/falabella-co/product/65469778/Carolina-Herrera-Good-Girl-Blush-50-ml-EDP/65469778","Good Girl Blush 50 ml EDP","https://www.falabella.com.co/falabella-co/product/65469778/Carolina-Herrera-Good-Girl-Blush-50-ml-EDP/65469778"
"CAROLINA HERRERA","https://www.falabella.com.co/falabella-co/product/30299673/Perfume-Mujer-Carolina-Herrera-Good-Girl-80-ml-EDP/30299673","$ 627.000","https://www.falabella.com.co/falabella-co/product/30299673/Perfume-Mujer-Carolina-Herrera-Good-Girl-80-ml-EDP/30299673","Perfume Mujer Good Girl 80 ml EDP","https://www.falabella.com.co/falabella-co/product/30299673/Perfume-Mujer-Carolina-Herrera-Good-Girl-80-ml-EDP/30299673"
"BURBERRY","https://www.falabella.com.co/falabella-co/product/72866725/Perfume-Mujer-Burberry-Her-100-ml-EDP/72866725","$ 759.900","https://www.falabella.com.co/falabella-co/product/72866725/Perfume-Mujer-Burberry-Her-100-ml-EDP/72866725","Perfume Mujer Her 100 ml EDP","https://www.falabella.com.co/falabella-co/product/72866725/Perfume-Mujer-Burberry-Her-100-ml-EDP/72866725"
"CAROLINA HERRERA","https://www.falabella.com.co/falabella-co/product/14117862/Perfume-Carolina-Herrera-Very-Good-Girl-Mujer-80-ml-EDP/14117862","$ 681.000","https://www.falabella.com.co/falabella-co/product/14117862/Perfume-Carolina-Herrera-Very-Good-Girl-Mujer-80-ml-EDP/14117862","Perfume Very Good Girl Mujer 80 ml EDP","https://www.falabella.com.co/falabella-co/product/14117862/Perfume-Carolina-Herrera-Very-Good-Girl-Mujer-80-ml-EDP/14117862"
"RABANNE","https://www.falabella.com.co/falabella-co/product/14117866/Perfume-Hombre-Rabanne-Invictus-Victory-100-ml-EDP/14117866","$ 568.000","https://www.falabella.com.co/falabella-co/product/14117866/Perfume-Hombre-Rabanne-Invictus-Victory-100-ml-EDP/14117866","Perfume Hombre Invictus Victory 100 ml EDP","https://www.falabella.com.co/falabella-co/product/14117866/Perfume-Hombre-Rabanne-Invictus-Victory-100-ml-EDP/14117866"
"CAROLINA HERRERA","https://www.falabella.com.co/falabella-co/product/65469777/Carolina-Herrera-Good-Girl-Blush-80-ml-EDP/65469777","$ 681.000","https://www.falabella.com.co/falabella-co/product/65469777/Carolina-Herrera-Good-Girl-Blush-80-ml-EDP/65469777","Good Girl Blush 80 ml EDP","https://www.falabella.com.co/falabella-co/product/65469777/Carolina-Herrera-Good-Girl-Blush-80-ml-EDP/65469777"
"RABANNE","https://www.falabella.com.co/falabella-co/product/2053553/Perfume-Rabanne-Hombre-Invictus-100ml-EDT/2053553","$ 525.000","https://www.falabella.com.co/falabella-co/product/2053553/Perfume-Rabanne-Hombre-Invictus-100ml-EDT/2053553","Perfume Hombre Invictus 100ml EDT","https://www.falabella.com.co/falabella-co/product/2053553/Perfume-Rabanne-Hombre-Invictus-100ml-EDT/2053553"
"JEAN PAUL GAULTIER","https://www.falabella.com.co/falabella-co/product/19810903/Perfume-Hombre-Jean-Paul-Gaultier-Scandal-Pour-Homme-100-ml-EDT/19810903","$ 535.000","https://www.falabella.com.co/falabella-co/product/19810903/Perfume-Hombre-Jean-Paul-Gaultier-Scandal-Pour-Homme-100-ml-EDT/19810903","Perfume Hombre Scandal Pour Homme 100 ml EDT","https://www.falabella.com.co/falabella-co/product/19810903/Perfume-Hombre-Jean-Paul-Gaultier-Scandal-Pour-Homme-100-ml-EDT/19810903"
"RABANNE","https://www.falabella.com.co/falabella-co/product/73021107/Perfume-Mujer-Paco-Rabanne-Million-Gold-For-Her-90-ml-Eau-de-parfum/73021107","$ 670.000","https://www.falabella.com.co/falabella-co/product/73021107/Perfume-Mujer-Paco-Rabanne-Million-Gold-For-Her-90-ml-Eau-de-parfum/73021107","Perfume Mujer Paco Million Gold For Her 90 ml Eau de parfum","https://www.falabella.com.co/falabella-co/product/73021107/Perfume-Mujer-Paco-Rabanne-Million-Gold-For-Her-90-ml-Eau-de-parfum/73021107"
"LATTAFA","https://www.falabella.com.co/falabella-co/product/125922953/Perfume-Al-Qiam-Gold-Lattafa-100ml/125922954?sponsoredClickData=%257B%2522isXLP%2522%253Atrue%252C%2522pageType%2522%253A%2522category%2522%252C%2522adType%2522%253A%2522products%2522%252C%2522platform%2522%253A%2522desktop%2522%252C%2522regionCode%2522%253A%2522co%2522%252C%2522context%2522%253A%257B%2522userIdentifier%2522%253A%2522MTc0Njc0MDM2NzY0OQ%253D%253D%2522%252C%2522adIdentifier%2522%253A%2522v2_Q_aFRABFb_ImlAhd_kJzFks8ZDyhcBb5ERlRmm3giITC7yHfRzX4YI9L4bdtQ-WZtga6EwbKWeh1GCZbv0zjDO96yHZBolSR4CLDm0L_AQaD3-i7ecQ6b6CbMYvVoLf7vGT7wdJiAbXeDeFBFgLSOmgR6YpGST3w8voA4HcGRz8%253D_ark196b1d22104769d688%2522%252C%2522slot%2522%253Anull%252C%2522signal%2522%253A%2522Perfumes%2522%257D%257D","$ 191.000","https://www.falabella.com.co/falabella-co/product/125922953/Perfume-Al-Qiam-Gold-Lattafa-100ml/125922954?sponsoredClickData=%257B%2522isXLP%2522%253Atrue%252C%2522pageType%2522%253A%2522category%2522%252C%2522adType%2522%253A%2522products%2522%252C%2522platform%2522%253A%2522desktop%2522%252C%2522regionCode%2522%253A%2522co%2522%252C%2522context%2522%253A%257B%2522userIdentifier%2522%253A%2522MTc0Njc0MDM2NzY0OQ%253D%253D%2522%252C%2522adIdentifier%2522%253A%2522v2_Q_aFRABFb_ImlAhd_kJzFks8ZDyhcBb5ERlRmm3giITC7yHfRzX4YI9L4bdtQ-WZtga6EwbKWeh1GCZbv0zjDO96yHZBolSR4CLDm0L_AQaD3-i7ecQ6b6CbMYvVoLf7vGT7wdJiAbXeDeFBFgLSOmgR6YpGST3w8voA4HcGRz8%253D_ark196b1d22104769d688%2522%252C%2522slot%2522%253Anull%252C%2522signal%2522%253A%2522Perfumes%2522%257D%257D","Perfume Al Qiam Gold 100ml","https://www.falabella.com.co/falabella-co/product/125922953/Perfume-Al-Qiam-Gold-Lattafa-100ml/125922954?sponsoredClickData=%257B%2522isXLP%2522%253Atrue%252C%2522pageType%2522%253A%2522category%2522%252C%2522adType%2522%253A%2522products%2522%252C%2522platform%2522%253A%2522desktop%2522%252C%2522regionCode%2522%253A%2522co%2522%252C%2522context%2522%253A%257B%2522userIdentifier%2522%253A%2522MTc0Njc0MDM2NzY0OQ%253D%253D%2522%252C%2522adIdentifier%2522%253A%2522v2_Q_aFRABFb_ImlAhd_kJzFks8ZDyhcBb5ERlRmm3giITC7yHfRzX4YI9L4bdtQ-WZtga6EwbKWeh1GCZbv0zjDO96yHZBolSR4CLDm0L_AQaD3-i7ecQ6b6CbMYvVoLf7vGT7wdJiAbXeDeFBFgLSOmgR6YpGST3w8voA4HcGRz8%253D_ark196b1d22104769d688%2522%252C%2522slot%2522%253Anull%252C%2522signal%2522%253A%2522Perfumes%2522%257D%257D"
"ADIDAS","https://www.falabella.com.co/falabella-co/product/73262187/Perfume-Unisex-Adidas-Vibes-Energy-Drive-For-All-100-ml/73262187?sponsoredClickData=%257B%2522isXLP%2522%253Atrue%252C%2522pageType%2522%253A%2522category%2522%252C%2522adType%2522%253A%2522products%2522%252C%2522platform%2522%253A%2522desktop%2522%252C%2522regionCode%2522%253A%2522co%2522%252C%2522context%2522%253A%257B%2522userIdentifier%2522%253A%2522MTc0Njc0MDM2NzY0OQ%253D%253D%2522%252C%2522adIdentifier%2522%253A%2522v2_1ejWbLlO9rq6-dFK08IpU0s8ZDyhcBb5ERlRmm3giITC7yHfRzX4YI9L4bdtQ-WZBT8-KIDu8tMRvG3r9PL6_uKQXbANDcvcvoYKOwPJ5XctA0ENJyZgGT5QGKwLdQtWvGT7wdJiAbXeDeFBFgLSOmgR6YpGST3w8voA4HcGRz8%253D_ark196b1d22104769d688%2522%252C%2522slot%2522%253Anull%252C%2522signal%2522%253A%2522Perfumes%2522%257D%257D","$ 189.990","https://www.falabella.com.co/falabella-co/product/73262187/Perfume-Unisex-Adidas-Vibes-Energy-Drive-For-All-100-ml/73262187?sponsoredClickData=%257B%2522isXLP%2522%253Atrue%252C%2522pageType%2522%253A%2522category%2522%252C%2522adType%2522%253A%2522products%2522%252C%2522platform%2522%253A%2522desktop%2522%252C%2522regionCode%2522%253A%2522co%2522%252C%2522context%2522%253A%257B%2522userIdentifier%2522%253A%2522MTc0Njc0MDM2NzY0OQ%253D%253D%2522%252C%2522adIdentifier%2522%253A%2522v2_1ejWbLlO9rq6-dFK08IpU0s8ZDyhcBb5ERlRmm3giITC7yHfRzX4YI9L4bdtQ-WZBT8-KIDu8tMRvG3r9PL6_uKQXbANDcvcvoYKOwPJ5XctA0ENJyZgGT5QGKwLdQtWvGT7wdJiAbXeDeFBFgLSOmgR6YpGST3w8voA4HcGRz8%253D_ark196b1d22104769d688%2522%252C%2522slot%2522%253Anull%252C%2522signal%2522%253A%2522Perfumes%2522%257D%257D","Perfume Unisex Vibes Energy Drive For All 100 ml","https://www.falabella.com.co/falabella-co/product/73262187/Perfume-Unisex-Adidas-Vibes-Energy-Drive-For-All-100-ml/73262187?sponsoredClickData=%257B%2522isXLP%2522%253Atrue%252C%2522pageType%2522%253A%2522category%2522%252C%2522adType%2522%253A%2522products%2522%252C%2522platform%2522%253A%2522desktop%2522%252C%2522regionCode%2522%253A%2522co%2522%252C%2522context%2522%253A%257B%2522userIdentifier%2522%253A%2522MTc0Njc0MDM2NzY0OQ%253D%253D%2522%252C%2522adIdentifier%2522%253A%2522v2_1ejWbLlO9rq6-dFK08IpU0s8ZDyhcBb5ERlRmm3giITC7yHfRzX4YI9L4bdtQ-WZBT8-KIDu8tMRvG3r9PL6_uKQXbANDcvcvoYKOwPJ5XctA0ENJyZgGT5QGKwLdQtWvGT7wdJiAbXeDeFBFgLSOmgR6YpGST3w8voA4HcGRz8%253D_ark196b1d22104769d688%2522%252C%2522slot%2522%253Anull%252C%2522signal%2522%253A%2522Perfumes%2522%257D%257D"
"BURBERRY","https://www.falabella.com.co/falabella-co/product/72711892/Perfume-Mujer-Burberry-GoddessRefill-150-ml-EDP/72711892","$ 759.900","https://www.falabella.com.co/falabella-co/product/72711892/Perfume-Mujer-Burberry-GoddessRefill-150-ml-EDP/72711892","Perfume Mujer GoddessRefill 150 ml EDP","https://www.falabella.com.co/falabella-co/product/72711892/Perfume-Mujer-Burberry-GoddessRefill-150-ml-EDP/72711892"
"RABANNE","https://www.falabella.com.co/falabella-co/product/28846543/Perfume-Hombre-Rabanne-1-Million-Elixir-Parfum-Intense-50-ML-EDP/28846543","$ 431.000","https://www.falabella.com.co/falabella-co/product/28846543/Perfume-Hombre-Rabanne-1-Million-Elixir-Parfum-Intense-50-ML-EDP/28846543","Perfume Hombre 1 Million Elixir Parfum Intense 50 ML EDP","https://www.falabella.com.co/falabella-co/product/28846543/Perfume-Hombre-Rabanne-1-Million-Elixir-Parfum-Intense-50-ML-EDP/28846543"
"JEAN PAUL GAULTIER","https://www.falabella.com.co/falabella-co/product/73072800/Set-de-Perfume-Mujer-Jean-Paul-Gaultier-Divine-Incluye:-Perfume-100ml-+-Locion-Corporal-75-ml-+-Eau-de-Parfum-10-ml/73072800","$ 763.000","https://www.falabella.com.co/falabella-co/product/73072800/Set-de-Perfume-Mujer-Jean-Paul-Gaultier-Divine-Incluye:-Perfume-100ml-+-Locion-Corporal-75-ml-+-Eau-de-Parfum-10-ml/73072800","Set de Perfume Mujer Divine Incluye: Perfume 100ml + Loción Corporal 75 ml + Eau de Parfum 10 ml","https://www.falabella.com.co/falabella-co/product/73072800/Set-de-Perfume-Mujer-Jean-Paul-Gaultier-Divine-Incluye:-Perfume-100ml-+-Locion-Corporal-75-ml-+-Eau-de-Parfum-10-ml/73072800"
"RABANNE","https://www.falabella.com.co/falabella-co/product/28846542/Perfume-Hombre-Rabanne-1-Million-Elixir-Parfum-Intense-100-ml-EDP/28846542","$ 595.000","https://www.falabella.com.co/falabella-co/product/28846542/Perfume-Hombre-Rabanne-1-Million-Elixir-Parfum-Intense-100-ml-EDP/28846542","Perfume Hombre 1 Million Elixir Parfum Intense 100 ml EDP","https://www.falabella.com.co/falabella-co/product/28846542/Perfume-Hombre-Rabanne-1-Million-Elixir-Parfum-Intense-100-ml-EDP/28846542"
"RABANNE","https://www.falabella.com.co/falabella-co/product/72015100/Perfume-Hombre-Rabanne-Phantom-Night-50-ml-EDP/72015100","$ 422.000","https://www.falabella.com.co/falabella-co/product/72015100/Perfume-Hombre-Rabanne-Phantom-Night-50-ml-EDP/72015100","Perfume Hombre Phantom Night 50 ml EDP","https://www.falabella.com.co/falabella-co/product/72015100/Perfume-Hombre-Rabanne-Phantom-Night-50-ml-EDP/72015100"
"MONTBLANC","https://www.falabella.com.co/falabella-co/product/125099419/PERFUME-HOMBRE-MONTBLANC-LEGEND-EDT-100-ML/125099420","$ 519.900","https://www.falabella.com.co/falabella-co/product/125099419/PERFUME-HOMBRE-MONTBLANC-LEGEND-EDT-100-ML/125099420","PERFUME HOMBRE LEGEND EDT 100 ML","https://www.falabella.com.co/falabella-co/product/125099419/PERFUME-HOMBRE-MONTBLANC-LEGEND-EDT-100-ML/125099420"
"JEAN PAUL GAULTIER","https://www.falabella.com.co/falabella-co/product/73021109/Perfume-Mujer-Jean-Paul-Gaultier-Divine-Intense-50-ml-Eau-de-parfum/73021109","$ 567.000","https://www.falabella.com.co/falabella-co/product/73021109/Perfume-Mujer-Jean-Paul-Gaultier-Divine-Intense-50-ml-Eau-de-parfum/73021109","Perfume Mujer Divine Intense 50 ml Eau de parfum","https://www.falabella.com.co/falabella-co/product/73021109/Perfume-Mujer-Jean-Paul-Gaultier-Divine-Intense-50-ml-Eau-de-parfum/73021109"
"MONTBLANC","https://www.falabella.com.co/falabella-co/product/1398695/Perfume-Montblanc-Legend-Spirit-Hombre-50-ml-EDT/1398695","$ 409.900","https://www.falabella.com.co/falabella-co/product/1398695/Perfume-Montblanc-Legend-Spirit-Hombre-50-ml-EDT/1398695","Perfume Legend Spirit Hombre 50 ml EDT","https://www.falabella.com.co/falabella-co/product/1398695/Perfume-Montblanc-Legend-Spirit-Hombre-50-ml-EDT/1398695"
"JEAN PAUL GAULTIER","https://www.falabella.com.co/falabella-co/product/12433733/Perfume-Jean-Paul-Gaultier-Mujer-La-Belle-100ml-EDP/12433733","$ 600.000","https://www.falabella.com.co/falabella-co/product/12433733/Perfume-Jean-Paul-Gaultier-Mujer-La-Belle-100ml-EDP/12433733","Perfume Mujer La Belle 100ml EDP","https://www.falabella.com.co/falabella-co/product/12433733/Perfume-Jean-Paul-Gaultier-Mujer-La-Belle-100ml-EDP/12433733"
"MONTBLANC","https://www.falabella.com.co/falabella-co/product/1398696/Montblanc-Legend-EDT-100-ml/1398696","$ 519.900","https://www.falabella.com.co/falabella-co/product/1398696/Montblanc-Legend-EDT-100-ml/1398696","Legend EDT 100 ml","https://www.falabella.com.co/falabella-co/product/1398696/Montblanc-Legend-EDT-100-ml/1398696"
"RABANNE","https://www.falabella.com.co/falabella-co/product/67816754/Perfume-Rabanne-Hombre-1-Million-Royal-100-ml-EDP/67816754","$ 557.000","https://www.falabella.com.co/falabella-co/product/67816754/Perfume-Rabanne-Hombre-1-Million-Royal-100-ml-EDP/67816754","Perfume Hombre 1 Million Royal 100 ml EDP","https://www.falabella.com.co/falabella-co/product/67816754/Perfume-Rabanne-Hombre-1-Million-Royal-100-ml-EDP/67816754"
"RABANNE","https://www.falabella.com.co/falabella-co/product/67816755/Perfume-Paco-Rabanne-Lady-Million-Royal-50-ml-Edp/67816755","$ 422.000","https://www.falabella.com.co/falabella-co/product/67816755/Perfume-Paco-Rabanne-Lady-Million-Royal-50-ml-Edp/67816755","Perfume Paco Lady Million Royal 50 ml Edp","https://www.falabella.com.co/falabella-co/product/67816755/Perfume-Paco-Rabanne-Lady-Million-Royal-50-ml-Edp/67816755"
"RABANNE","https://www.falabella.com.co/falabella-co/product/67816756/Perfume-Rabanne-Mujer-Lady-Million-Royal-80-ml-EDP/67816756","$ 530.000","https://www.falabella.com.co/falabella-co/product/67816756/Perfume-Rabanne-Mujer-Lady-Million-Royal-80-ml-EDP/67816756","Perfume Mujer Lady Million Royal 80 ml EDP","https://www.falabella.com.co/falabella-co/product/67816756/Perfume-Rabanne-Mujer-Lady-Million-Royal-80-ml-EDP/67816756"
"RABANNE","https://www.falabella.com.co/falabella-co/product/67816753/Perfume-Rabanne-Hombre-1-Million-Royal-50-ml-EDP/67816753","$ 416.000","https://www.falabella.com.co/falabella-co/product/67816753/Perfume-Rabanne-Hombre-1-Million-Royal-50-ml-EDP/67816753","Perfume Hombre 1 Million Royal 50 ml EDP","https://www.falabella.com.co/falabella-co/product/67816753/Perfume-Rabanne-Hombre-1-Million-Royal-50-ml-EDP/67816753"
"RABANNE","https://www.falabella.com.co/falabella-co/product/3659442/Perfume-Paco-Rabanne-Olympea-Mujer-50-ml-EDP/3659442","$ 404.000","https://www.falabella.com.co/falabella-co/product/3659442/Perfume-Paco-Rabanne-Olympea-Mujer-50-ml-EDP/3659442","Perfume Paco Olympea Mujer 50 ml EDP","https://www.falabella.com.co/falabella-co/product/3659442/Perfume-Paco-Rabanne-Olympea-Mujer-50-ml-EDP/3659442"
"JEAN PAUL GAULTIER","https://www.falabella.com.co/falabella-co/product/3069126/Perfume-Jean-Paul-Gaultier-Le-M%C3%A2le-Hombre-75-ml-EDT/3069126","$ 378.000","https://www.falabella.com.co/falabella-co/product/3069126/Perfume-Jean-Paul-Gaultier-Le-M%C3%A2le-Hombre-75-ml-EDT/3069126","Perfume Le Mâle Hombre 75 ml EDT","https://www.falabella.com.co/falabella-co/product/3069126/Perfume-Jean-Paul-Gaultier-Le-M%C3%A2le-Hombre-75-ml-EDT/3069126"
"RABANNE","https://www.falabella.com.co/falabella-co/product/63544810/Perfume-Hombre-Rabanne-Invictus-Victory-Elixir-50-ml-EDP/63544810","$ 450.000","https://www.falabella.com.co/falabella-co/product/63544810/Perfume-Hombre-Rabanne-Invictus-Victory-Elixir-50-ml-EDP/63544810","Perfume Hombre Invictus Victory Elixir 50 ml EDP","https://www.falabella.com.co/falabella-co/product/63544810/Perfume-Hombre-Rabanne-Invictus-Victory-Elixir-50-ml-EDP/63544810"
"JEAN PAUL GAULTIER","https://www.falabella.com.co/falabella-co/product/73021108/Perfume-Mujer-Jean-Paul-Gaultier-Divine-Intense-100-ml-Eau-de-parfum/73021108","$ 802.000","https://www.falabella.com.co/falabella-co/product/73021108/Perfume-Mujer-Jean-Paul-Gaultier-Divine-Intense-100-ml-Eau-de-parfum/73021108","Perfume Mujer Divine Intense 100 ml Eau de parfum","https://www.falabella.com.co/falabella-co/product/73021108/Perfume-Mujer-Jean-Paul-Gaultier-Divine-Intense-100-ml-Eau-de-parfum/73021108"
"RABANNE","https://www.falabella.com.co/falabella-co/product/63544811/Perfume-Hombre-Rabanne-Invictus-Victory-Elixir-100-ml-EDP/63544811","$ 568.000","https://www.falabella.com.co/falabella-co/product/63544811/Perfume-Hombre-Rabanne-Invictus-Victory-Elixir-100-ml-EDP/63544811","Perfume Hombre Invictus Victory Elixir 100 ml EDP","https://www.falabella.com.co/falabella-co/product/63544811/Perfume-Hombre-Rabanne-Invictus-Victory-Elixir-100-ml-EDP/63544811"
"LATTAFA","https://www.falabella.com.co/falabella-co/product/125922953/Perfume-Al-Qiam-Gold-Lattafa-100ml/125922954","$ 191.000","https://www.falabella.com.co/falabella-co/product/125922953/Perfume-Al-Qiam-Gold-Lattafa-100ml/125922954","Perfume Al Qiam Gold 100ml","https://www.falabella.com.co/falabella-co/product/125922953/Perfume-Al-Qiam-Gold-Lattafa-100ml/125922954"
"LATTAFA","https://www.falabella.com.co/falabella-co/product/125384984/Perfume-Shaheen-Gold-Lattafa-100ml/125384985","$ 191.000","https://www.falabella.com.co/falabella-co/product/125384984/Perfume-Shaheen-Gold-Lattafa-100ml/125384985","Perfume Shaheen Gold 100ml","https://www.falabella.com.co/falabella-co/product/125384984/Perfume-Shaheen-Gold-Lattafa-100ml/125384985"
"VERSACE","https://www.falabella.com.co/falabella-co/product/4976206/Perfume-Versace-Blue-Jeans-EDT-Hombre-75-ml-Versace/4976206","$ 139.990","https://www.falabella.com.co/falabella-co/product/4976206/Perfume-Versace-Blue-Jeans-EDT-Hombre-75-ml-Versace/4976206","Perfume Blue Jeans EDT Hombre 75 ml","https://www.falabella.com.co/falabella-co/product/4976206/Perfume-Versace-Blue-Jeans-EDT-Hombre-75-ml-Versace/4976206"
"VERSACE","https://www.falabella.com.co/falabella-co/product/73102244/Hombre-Perfume-Versace-Eros-Energy-Edp-100-ml-Eau-de-parfum/73102244","$ 599.990","https://www.falabella.com.co/falabella-co/product/73102244/Hombre-Perfume-Versace-Eros-Energy-Edp-100-ml-Eau-de-parfum/73102244","Hombre Perfume Eros Energy Edp 100 ml Eau de parfum","https://www.falabella.com.co/falabella-co/product/73102244/Hombre-Perfume-Versace-Eros-Energy-Edp-100-ml-Eau-de-parfum/73102244"
"RABANNE","https://www.falabella.com.co/falabella-co/product/72015102/Perfume-Mujer-Paco-Rabanne-Fame-Night-50-ml-EDP/72015102","$ 465.000","https://www.falabella.com.co/falabella-co/product/72015102/Perfume-Mujer-Paco-Rabanne-Fame-Night-50-ml-EDP/72015102","Perfume Mujer Paco Fame Night 50 ml EDP","https://www.falabella.com.co/falabella-co/product/72015102/Perfume-Mujer-Paco-Rabanne-Fame-Night-50-ml-EDP/72015102"
"RABANNE","https://www.falabella.com.co/falabella-co/product/73021104/Perfume-Hombre-Rabanne-Million-Gold-For-Him-100-ml-Eau-de-parfum/73021104","$ 610.000","https://www.falabella.com.co/falabella-co/product/73021104/Perfume-Hombre-Rabanne-Million-Gold-For-Him-100-ml-Eau-de-parfum/73021104","Perfume Hombre Million Gold For Him 100 ml Eau de parfum","https://www.falabella.com.co/falabella-co/product/73021104/Perfume-Hombre-Rabanne-Million-Gold-For-Him-100-ml-Eau-de-parfum/73021104"
"RABANNE","https://www.falabella.com.co/falabella-co/product/73021105/Perfume-Hombre-Rabanne-Million-Gold-For-Him-50-ml-Eau-de-parfum/73021105","$ 450.000","https://www.falabella.com.co/falabella-co/product/73021105/Perfume-Hombre-Rabanne-Million-Gold-For-Him-50-ml-Eau-de-parfum/73021105","Perfume Hombre Million Gold For Him 50 ml Eau de parfum","https://www.falabella.com.co/falabella-co/product/73021105/Perfume-Hombre-Rabanne-Million-Gold-For-Him-50-ml-Eau-de-parfum/73021105"
"LATTAFA","https://www.falabella.com.co/falabella-co/product/128018410/Perfume-Fakhar-Rose-Lattafa-100ml/128018411?sponsoredClickData=%257B%2522isXLP%2522%253Atrue%252C%2522pageType%2522%253A%2522category%2522%252C%2522adType%2522%253A%2522products%2522%252C%2522platform%2522%253A%2522desktop%2522%252C%2522regionCode%2522%253A%2522co%2522%252C%2522context%2522%253A%257B%2522userIdentifier%2522%253A%2522MTc0Njc0MDM2NzY0OQ%253D%253D%2522%252C%2522adIdentifier%2522%253A%2522v2_m-VOGCey5Rv8dqndJhsU4Es8ZDyhcBb5ERlRmm3giITC7yHfRzX4YI9L4bdtQ-WZzhrN2HDbef9-eyihuaXPxgxT78PqGzKLN34haNZ2CqNT7OsaKoP9GpPjN9ruuoIrvGT7wdJiAbXeDeFBFgLSOmgR6YpGST3w8voA4HcGRz8%253D_ark196b1d22104769d688%2522%252C%2522slot%2522%253Anull%252C%2522signal%2522%253A%2522Perfumes%2522%257D%257D","$ 193.000","https://www.falabella.com.co/falabella-co/product/128018410/Perfume-Fakhar-Rose-Lattafa-100ml/128018411?sponsoredClickData=%257B%2522isXLP%2522%253Atrue%252C%2522pageType%2522%253A%2522category%2522%252C%2522adType%2522%253A%2522products%2522%252C%2522platform%2522%253A%2522desktop%2522%252C%2522regionCode%2522%253A%2522co%2522%252C%2522context%2522%253A%257B%2522userIdentifier%2522%253A%2522MTc0Njc0MDM2NzY0OQ%253D%253D%2522%252C%2522adIdentifier%2522%253A%2522v2_m-VOGCey5Rv8dqndJhsU4Es8ZDyhcBb5ERlRmm3giITC7yHfRzX4YI9L4bdtQ-WZzhrN2HDbef9-eyihuaXPxgxT78PqGzKLN34haNZ2CqNT7OsaKoP9GpPjN9ruuoIrvGT7wdJiAbXeDeFBFgLSOmgR6YpGST3w8voA4HcGRz8%253D_ark196b1d22104769d688%2522%252C%2522slot%2522%253Anull%252C%2522signal%2522%253A%2522Perfumes%2522%257D%257D","Perfume Fakhar Rose 100ml","https://www.falabella.com.co/falabella-co/product/128018410/Perfume-Fakhar-Rose-Lattafa-100ml/128018411?sponsoredClickData=%257B%2522isXLP%2522%253Atrue%252C%2522pageType%2522%253A%2522category%2522%252C%2522adType%2522%253A%2522products%2522%252C%2522platform%2522%253A%2522desktop%2522%252C%2522regionCode%2522%253A%2522co%2522%252C%2522context%2522%253A%257B%2522userIdentifier%2522%253A%2522MTc0Njc0MDM2NzY0OQ%253D%253D%2522%252C%2522adIdentifier%2522%253A%2522v2_m-VOGCey5Rv8dqndJhsU4Es8ZDyhcBb5ERlRmm3giITC7yHfRzX4YI9L4bdtQ-WZzhrN2HDbef9-eyihuaXPxgxT78PqGzKLN34haNZ2CqNT7OsaKoP9GpPjN9ruuoIrvGT7wdJiAbXeDeFBFgLSOmgR6YpGST3w8voA4HcGRz8%253D_ark196b1d22104769d688%2522%252C%2522slot%2522%253Anull%252C%2522signal%2522%253A%2522Perfumes%2522%257D%257D"
"LATTAFA","https://www.falabella.com.co/falabella-co/product/128047979/Perfume-Haya-Lattafa-100ml/128047980?sponsoredClickData=%257B%2522isXLP%2522%253Atrue%252C%2522pageType%2522%253A%2522category%2522%252C%2522adType%2522%253A%2522products%2522%252C%2522platform%2522%253A%2522desktop%2522%252C%2522regionCode%2522%253A%2522co%2522%252C%2522context%2522%253A%257B%2522userIdentifier%2522%253A%2522MTc0Njc0MDM2NzY0OQ%253D%253D%2522%252C%2522adIdentifier%2522%253A%2522v2__wDZp15sDMCB5qLLEod69Es8ZDyhcBb5ERlRmm3giITC7yHfRzX4YI9L4bdtQ-WZUDpYmyw54RCWq-IiWPLg7FDqRRi32pgF56WHhSebMcqIdJZdkd4QIMAIIue1fJXyvGT7wdJiAbXeDeFBFgLSOmgR6YpGST3w8voA4HcGRz8%253D_ark196b1d22104769d688%2522%252C%2522slot%2522%253Anull%252C%2522signal%2522%253A%2522Perfumes%2522%257D%257D","$ 210.000","https://www.falabella.com.co/falabella-co/product/128047979/Perfume-Haya-Lattafa-100ml/128047980?sponsoredClickData=%257B%2522isXLP%2522%253Atrue%252C%2522pageType%2522%253A%2522category%2522%252C%2522adType%2522%253A%2522products%2522%252C%2522platform%2522%253A%2522desktop%2522%252C%2522regionCode%2522%253A%2522co%2522%252C%2522context%2522%253A%257B%2522userIdentifier%2522%253A%2522MTc0Njc0MDM2NzY0OQ%253D%253D%2522%252C%2522adIdentifier%2522%253A%2522v2__wDZp15sDMCB5qLLEod69Es8ZDyhcBb5ERlRmm3giITC7yHfRzX4YI9L4bdtQ-WZUDpYmyw54RCWq-IiWPLg7FDqRRi32pgF56WHhSebMcqIdJZdkd4QIMAIIue1fJXyvGT7wdJiAbXeDeFBFgLSOmgR6YpGST3w8voA4HcGRz8%253D_ark196b1d22104769d688%2522%252C%2522slot%2522%253Anull%252C%2522signal%2522%253A%2522Perfumes%2522%257D%257D","Perfume Haya 100ml","https://www.falabella.com.co/falabella-co/product/128047979/Perfume-Haya-Lattafa-100ml/128047980?sponsoredClickData=%257B%2522isXLP%2522%253Atrue%252C%2522pageType%2522%253A%2522category%2522%252C%2522adType%2522%253A%2522products%2522%252C%2522platform%2522%253A%2522desktop%2522%252C%2522regionCode%2522%253A%2522co%2522%252C%2522context%2522%253A%257B%2522userIdentifier%2522%253A%2522MTc0Njc0MDM2NzY0OQ%253D%253D%2522%252C%2522adIdentifier%2522%253A%2522v2__wDZp15sDMCB5qLLEod69Es8ZDyhcBb5ERlRmm3giITC7yHfRzX4YI9L4bdtQ-WZUDpYmyw54RCWq-IiWPLg7FDqRRi32pgF56WHhSebMcqIdJZdkd4QIMAIIue1fJXyvGT7wdJiAbXeDeFBFgLSOmgR6YpGST3w8voA4HcGRz8%253D_ark196b1d22104769d688%2522%252C%2522slot%2522%253Anull%252C%2522signal%2522%253A%2522Perfumes%2522%257D%257D"